feature,posterior_mean,posterior_sd,prob_negligible,prob_positive
CCNA2,0.009357518101953172,0.042112671814473215,0.948,0.5706666666666667
CCNE1,-0.0019327148965366148,0.03314253191048085,0.9763333333333334,0.4776666666666667
CCNB2,0.07984596343939626,0.12058821715553734,0.7063333333333334,0.7506666666666667
CDC20,0.06528861242923922,0.10528916759923292,0.75,0.737
ESR1,-0.07880219016581942,0.10558130788371914,0.6836666666666666,0.22
MCM6,0.001711008144080163,0.032001243812140055,0.979,0.51
BUB1,0.02575615674901886,0.06814705973596386,0.8913333333333333,0.6226666666666667
BCL2,-0.09537463451357858,0.09178554557888326,0.5746666666666667,0.12066666666666667
CDK1,0.00550608893760977,0.03469779347260314,0.9706666666666667,0.5403333333333333
CDC25B,0.026988558879460077,0.04956193218056339,0.902,0.705
PLK1,0.013666929110493938,0.04094021195203892,0.9516666666666667,0.601
MCM5,-0.039307596560269796,0.06498595342605427,0.84,0.273
AURKA,0.1380813927346072,0.12986974541302582,0.4696666666666667,0.8706666666666667
CCNB1,0.02408303246245335,0.047703485270809705,0.918,0.6833333333333333
MCM2,0.016333618955156504,0.04957100902144719,0.9296666666666666,0.6276666666666667
CDC25A,0.00021747434995221965,0.03397454464292947,0.9753333333333334,0.5143333333333333
NRAS,-0.005473631488305434,0.027579409387233564,0.9863333333333333,0.43866666666666665
MKI67,0.07981317188819163,0.0849095042336985,0.6353333333333333,0.8466666666666667
TOP2A,0.0018780607311441625,0.03527164210621217,0.9683333333333334,0.52
CXCR4,0.013959801648981921,0.03822387002169144,0.9543333333333334,0.6236666666666667
CDC25C,0.015508677805398238,0.04218718608012379,0.95,0.6256666666666667
CXCL8,0.001991729978366232,0.026913931284973984,0.9926666666666667,0.523
ERBB3,0.008442048704188958,0.030973099434100378,0.9806666666666667,0.6046666666666667
MCM4,0.00045928259358842867,0.029879235460755747,0.983,0.5033333333333333
MAP2K2,0.008156259096548565,0.0285767569050363,0.983,0.594
MAPK1,-0.06709003991453207,0.07222906877668152,0.6996666666666667,0.16666666666666666
MCM7,-0.027854878388458265,0.053616707708799234,0.8926666666666667,0.32
HIF1A,0.005900000932704704,0.031034783759610836,0.9786666666666667,0.555
MCM3,0.005555745593133664,0.03229373717101287,0.9763333333333334,0.546
AR,0.02471235768289926,0.04593987032707204,0.9123333333333333,0.6913333333333334
MAP2K1,-0.009216583619439,0.03176890743540743,0.98,0.4036666666666667
CENPI,0.017610919218798916,0.04054272817572806,0.94,0.6466666666666666
RARA,0.02562417703566754,0.04794132621391435,0.9066666666666666,0.6976666666666667
CCND1,0.011620414567529073,0.033905506245421616,0.9643333333333334,0.6206666666666667
RPS6KA3,-0.03401672896702169,0.05144837869139279,0.8776666666666667,0.256
IGF1R,-0.028156450403321525,0.05146693689943095,0.8976666666666666,0.2996666666666667
TFF1,0.018247178997774467,0.04111270732087955,0.9436666666666667,0.654
JAK1,-0.009594778735003261,0.03144632746386617,0.9776666666666667,0.3993333333333333
STAT1,-0.020061565819507632,0.041228564380940136,0.94,0.3293333333333333
TUBB3,-0.0007205752434778346,0.02462454953518405,0.9936666666666667,0.49833333333333335
ER+,-0.03938502607478303,0.07087309553761781,0.836,0.29133333333333333
PR+,-0.03497532160335955,0.05377456033082264,0.8736666666666667,0.25833333333333336
HER2+,0.09508321949562962,0.06810193743343547,0.535,0.939
grade(z),0.0788464501357004,0.07679136629304749,0.6373333333333333,0.8726666666666667
age(z),-0.009537871790620215,0.030308131305289292,0.9786666666666667,0.394
