variable,beta
CCNA2,-0.033715154825517034
CCNE1,-0.0757106519976858
CCNB2,0.2132257116285743
CDC20,0.1309789965583145
ESR1,-0.23407906325678418
MCM6,0.01938307015062295
BUB1,-0.04257590610570177
BCL2,-0.014773942002263356
CDK1,0.018210602189270505
CDC25B,0.0704195768049063
PLK1,-0.0055560195054676735
MCM5,-0.050489763185200355
AURKA,0.16705251411384972
CCNB1,0.005476407259408399
MCM2,0.002862166834750791
CDC25A,-0.05680937581874928
NRAS,0.055204834465851255
MKI67,0.14330100416848743
TOP2A,-0.10429016293799294
CXCR4,0.10628807359580257
CDC25C,-0.008734736803617773
CXCL8,0.01065992284147592
ERBB3,0.03618377485110577
MCM4,-0.025514447262253975
MAP2K2,0.013591932823571634
MAPK1,-0.08735386996960655
MCM7,-0.11733101826225435
HIF1A,-0.015538234886435026
MCM3,-0.008745071999416591
AR,0.07104749830239769
MAP2K1,-0.015024195589373011
CENPI,0.05359695217266626
RARA,0.0656720782471905
CCND1,0.03610277638377992
RPS6KA3,-0.09492441967854923
IGF1R,-0.0806115189787511
TFF1,0.061174844072697174
JAK1,0.0008382105637689563
STAT1,-0.1127999336837493
TUBB3,-0.06544714975519789
ER+,0.2753675593328966
PR+,-0.05412889630807466
HER2+,0.19718306325911994
grade(z),0.09570356940190967
age(z),0.01948699028595037
