fold,cindex,model
0,0.587626468193976,M0
1,0.5877241106892844,M0
2,0.5890088276997667,M0
3,0.5936560085141825,M0
4,0.5881314103289786,M0
5,0.5903950247610273,M0
6,0.5561867969548915,M0
7,0.5866346673877771,M0
8,0.6095309095079711,M0
9,0.6031672678088368,M0
10,0.553744131455399,M0
11,0.5786892758936756,M0
12,0.6013291961004379,M0
13,0.5917332791401346,M0
14,0.6219260887484545,M0
15,0.5670506604990437,M0
16,0.5990840871477476,M0
17,0.5802405379971999,M0
18,0.5780922670552874,M0
19,0.5844944705909628,M0
20,0.5922330097087378,M0
21,0.5925188972876834,M0
22,0.5644932347352275,M0
23,0.5899573219525207,M0
24,0.6046070460704607,M0
0,0.6064426096057681,M1
1,0.6113366543044614,M1
2,0.6177788958514385,M1
3,0.6129286011753273,M1
4,0.6103652047909073,M1
5,0.6182886099274444,M1
6,0.5901829337575275,M1
7,0.5974400576888408,M1
8,0.6318385135910082,M1
9,0.6206717763751127,M1
10,0.5800469483568075,M1
11,0.6043767186067828,M1
12,0.6080632028344447,M1
13,0.6194508422526306,M1
14,0.6459449558089481,M1
15,0.5898679001912556,M1
16,0.6350404679317146,M1
17,0.6022630769583879,M1
18,0.6019901630385281,M1
19,0.6013956831196532,M1
20,0.6138026687072552,M1
21,0.617185415740329,M1
22,0.5762265619634149,M1
23,0.6124077531786254,M1
24,0.6392050587172539,M1
0,0.5851843237585765,M2
1,0.626851587702166,M2
2,0.6170241961304487,M2
3,0.586344916940447,M2
4,0.6347046437385379,M2
5,0.5998387654036623,M2
6,0.6167708214975571,M2
7,0.5792545520100956,M2
8,0.6426654432847804,M2
9,0.5968214607754734,M2
10,0.5859389671361502,M2
11,0.6010540788267644,M2
12,0.6033537994322308,M2
13,0.5916542473919523,M2
14,0.6218116041580803,M2
15,0.5935373393230441,M2
16,0.6145911265274661,M2
17,0.5732057196630632,M2
18,0.6165634392931961,M2
19,0.5915656226091391,M2
20,0.626691855181979,M2
21,0.6004224099599822,M2
22,0.5967398521028412,M2
23,0.5887792300168934,M2
24,0.6195573622402891,M2
