gene,degree,betweenness,eigenvector_centrality,control_score,community
CCNA2,21,0.03546478755415663,0.056448113781900476,0.9545454545454546,0
CCNE1,22,0.0556459631078496,0.03742397289097221,0.946127946127946,0
CCNB2,21,0.024933126727578303,0.0633374145731216,0.9410774410774411,0
CDC20,21,0.02504051617491497,0.05720163534373571,0.9377104377104377,0
ESR1,21,0.10319355321555755,0.01618225917703801,0.9208754208754208,1
MCM6,18,0.03039625508773051,0.04160561297419208,0.9191919191919191,0
BUB1,20,0.018932031893610778,0.060381371699799985,0.8989898989898991,0
BCL2,15,0.08080695821635313,0.010721445350220606,0.8838383838383838,1
CDK1,14,0.028329595879169944,0.0396906030771279,0.8771043771043772,0
CDC25B,14,0.04243539003631683,0.021873962568516644,0.8636363636363636,0
PLK1,19,0.016906101505026843,0.04151774618716061,0.861952861952862,0
MCM5,13,0.03551729229092394,0.02835695929729782,0.8552188552188552,0
AURKA,17,0.007970841561774512,0.052762017750948166,0.8468013468013469,0
CCNB1,12,0.026592574951285444,0.029579283785021584,0.8316498316498316,0
MCM2,16,0.004333173780391412,0.04937512174657156,0.8148148148148148,0
CDC25A,17,0.003015967826215961,0.04297002016332074,0.8097643097643098,0
NRAS,9,0.05142705829418873,0.006896500317243504,0.8013468013468014,1
MKI67,15,0.0029152283564197086,0.037750953264602975,0.7760942760942761,0
TOP2A,14,0.0025924459357506992,0.042503689076378734,0.776094276094276,0
CXCR4,12,0.05337630535889112,0.0004292345565359105,0.7474747474747474,2
CDC25C,13,0.0018818300257788842,0.03938934567794726,0.744107744107744,0
CXCL8,10,0.02851691833299398,0.0024426390785880097,0.7390572390572391,1
ERBB3,11,0.021217407472724884,0.003622015148625754,0.7323232323232323,1
MCM4,14,0.0009492510235156724,0.03530269228085618,0.7255892255892255,0
MAP2K2,8,0.06375873504470389,0.0006416579091023965,0.7222222222222223,2
MAPK1,9,0.0203967606337986,0.004428091981357575,0.7205387205387205,1
MCM7,13,0.0012567072524316406,0.03383457219601195,0.7138047138047138,0
HIF1A,9,0.028526581723616495,0.0006953926159804889,0.7138047138047138,1
MCM3,11,0.0014836601425950986,0.02944771019138498,0.6986531986531986,0
AR,7,0.023862180382451612,0.0037091642193809397,0.6952861952861954,1
MAP2K1,10,0.024528219879996295,0.00040571681009230533,0.6851851851851851,2
CENPI,12,0.0005680790018236337,0.026172927468627753,0.68013468013468,0
RARA,8,0.018435109795627912,0.0035520856388161675,0.6784511784511785,1
CCND1,9,0.008112092898524503,0.003513312393439723,0.6666666666666666,1
RPS6KA3,9,0.024886889494928906,0.0002954605203380809,0.6632996632996633,2
IGF1R,8,0.002771329772612356,0.00643804296411673,0.6481481481481481,1
TFF1,7,0.005006947039891171,0.005332637743723701,0.6447811447811448,1
JAK1,8,0.021321938738905727,0.00021702539763851568,0.6313131313131314,2
STAT1,6,0.002241396359371228,0.009105603808006192,0.6262626262626263,0
TUBB3,6,0.013917279143457363,0.0015941988735312228,0.6161616161616162,1
STAT5B,3,0.015569114243635598,0.0039978852383364015,0.6043771043771043,3
RXRA,5,0.01055576678166,0.003224310786071192,0.6043771043771043,1
CDH3,6,0.000883902898420045,0.007036294610278053,0.5959595959595959,1
MYC,7,0.02007237625268343,9.999210161133423e-05,0.5942760942760943,2
CASP3,5,0.001418574916832528,0.006590586089531718,0.5841750841750842,0
PIK3R1,7,6.151363189023613e-05,0.00627350283735414,0.5841750841750842,0
EGFR,5,0.0014902716564824709,0.004634719210343894,0.5707070707070708,1
CASP8,5,0.019012728043866264,0.00014479511439488983,0.5639730639730639,2
HBEGF,6,0.005796644588732232,0.00022148465698791878,0.5454545454545454,2
PTEN,4,0.00035114381842763924,0.005920007939897803,0.5353535353535354,0
AKT1,4,0.007362959015646853,0.00010696361573910795,0.5084175084175083,2
VEGFC,5,0.00604472325072403,4.220075174868363e-05,0.5033670033670034,2
FGFR4,2,0.015569114243635598,0.00019292653497469912,0.5,1
STAT3,2,0.006008016463397569,0.0003912593332510062,0.49158249158249157,2
CCND2,4,0.012787054840680417,1.2820512021963703e-05,0.48484848484848486,2
HIF1AN,6,0.0013012305038393823,4.999712218111076e-05,0.4713804713804714,2
RPS6KA2,5,0.0,0.0049241528394564785,0.4713804713804714,0
FN1,3,0.003924256637713154,3.81252445265749e-05,0.4478114478114479,2
ATM,3,0.004549311133388063,9.426666121917822e-06,0.4377104377104377,2
PGR,3,0.0,0.0027326281937760767,0.41245791245791247,1
