driver_gene,gramian_trace
ESR1,0.5403713028867663
CCNB2,0.5246900478141573
BUB1,0.5185940611513516
CCNA2,0.5157767083924386
CDC20,0.5070635223494049
MCM2,0.49642504889422745
AURKA,0.4933887084801988
CDK1,0.47647148637748715
CCNE1,0.4704569267055775
MCM6,0.4704453439060072
CDC25C,0.4704059815896884
CDC25A,0.4701643259160373
TOP2A,0.469956228493065
PLK1,0.4647448496257105
MKI67,0.4601168794379697
CCNB1,0.45593469237647627
MCM7,0.4552244432575195
IGF1R,0.4551899856660965
MCM4,0.4549527856282918
BCL2,0.4549126919864613
CXCR4,0.45153118696656674
MCM5,0.45077391961970176
MCM3,0.4498359898326922
JAK1,0.43979442062557556
CDH3,0.4395138482206507
EGFR,0.43938752967857936
CENPI,0.4391564856420931
CDC25B,0.43656893654404655
ERBB3,0.43388766473313445
AR,0.4333103970987879
TFF1,0.4327556033161245
RPS6KA3,0.4327241089577171
RARA,0.4317934960198974
CASP8,0.43171974963861465
CCND1,0.43151489580630364
MAPK1,0.42778569922614607
NRAS,0.4265747874449256
HIF1A,0.4258801727205693
CCND2,0.42543378445737856
CXCL8,0.42516375141865287
PGR,0.4236977668779849
STAT1,0.42269268498665885
ATM,0.42172851411933837
MAP2K1,0.4216999017222625
MYC,0.42156093278441076
MAP2K2,0.4202503604333945
VEGFC,0.41998390137415365
STAT5B,0.41973520375214357
HBEGF,0.41973505392536586
RXRA,0.41965609831257517
CASP3,0.41937734980452934
STAT3,0.419240793690955
PTEN,0.41887307896704407
HIF1AN,0.41885464103770625
FGFR4,0.41869224844290337
RPS6KA2,0.41865213071441904
FN1,0.4185117454933694
AKT1,0.4184391817058517
PIK3R1,0.41840559530325677
TUBB3,0.4182882047110115
