t,projection_perron,control_active
0.0,-0.005732718998592819,1
0.03173399020023489,-0.0056384157981342505,1
0.2805072018943638,-0.004929010640392243,1
0.5311735137878628,-0.0042650743222947315,1
0.8017166932294204,-0.0036015999938074196,1
1.0919208978895751,-0.002946494547119528,1
1.4040455796122593,-0.002301895443486805,1
1.740969355220958,-0.0016696980432322453,1
2.1071042613659197,-0.0010504545491372638,1
2.5092176883068404,-0.00044330663045685217,1
2.955071710719247,0.0001506593529458334,1
3.4532233664672214,0.0007279673805061922,1
4.0137696291018425,0.001283613466320648,1
4.648292453108463,0.00181091097738006,1
5.370622661798479,0.0023023036372638176,1
6.197050069774004,0.0027497376840283205,1
7.146974997861864,0.003145583637649,1
8.0,0.003417716921069126,1
0.0,-0.005732718998592819,0
0.045317666436615514,-0.005656428138155885,0
0.4984943308027706,-0.004947188641813437,0
1.5990743759047432,-0.0035731738185709057,0
2.7061658307347196,-0.002575809962472129,0
3.8725301515367687,-0.0018245824513901986,0
5.09911635371815,-0.0012696422295618113,0
6.395388684285133,-0.0008654706968865053,0
7.772878012944015,-0.0005759651341749235,0
8.0,-0.0005385620852807078,0
