rep,projection_perron
0,0.001029921133461057
1,-0.0001918020096160796
2,0.0009872749705606572
3,-7.167508524900063e-05
4,-0.0005579165818300207
5,-0.0008701303093695998
6,0.001228150348836844
7,-0.000665191211520804
8,-0.0004587664373958307
9,0.0002881481113497002
10,-0.0005657682805539461
11,0.0011737024553128382
12,4.983387845531245e-05
13,0.0015736158568066623
14,-0.0004449360546673629
15,-0.00026433213756700384
16,-0.00022395263283262994
17,0.00031910920459075854
18,0.0007520299609227271
19,0.0017297338797538342
20,-0.0007574129118933179
21,-0.0015534837993543688
22,-0.00041089306112356277
23,0.0007148793364890379
24,0.00038670671892766713
25,0.0003516536435120232
26,-0.0012404214583495534
27,-0.0006201402756289211
28,0.0007132653081394093
29,-0.00039335558697641324
30,0.0011215416905476885
31,0.0005325698307961674
32,0.0009204625302563522
33,0.0007358477141787558
34,-0.0011484076233023032
35,-0.00026029234695855777
36,-0.0005030349241133053
37,-2.138027568490493e-05
38,-0.00034203505960365467
39,-0.0011024663516393809
