rep,projection_perron,band
0,0.018156870809560154,2
1,-0.0033792866019777164,1
2,0.017404153704052475,2
3,-0.0012627914979983041,1
4,-0.009831335705617807,0
5,-0.015337094531821676,0
6,0.021657284624813762,2
7,-0.011722588998504781,0
8,-0.008083671995318483,0
9,0.005076913986852163,1
10,-0.009969744073315445,0
11,0.02069554941009118,2
12,0.0008779849918683182,1
13,0.027765254618518934,2
14,-0.007839916341908303,0
15,-0.004657261328495633,1
16,-0.003945769259998214,1
17,0.005622484182760732,1
18,0.01325390887677883,2
19,0.030529221964058596,2
20,-0.013348840377515051,0
21,-0.027409055092004593,0
22,-0.007239942726115401,1
23,0.012598752033301635,2
24,0.006813699474762141,1
25,0.006195974479605472,1
26,-0.021874072698723445,0
27,-0.01092828356773415,0
28,0.012570291541399256,2
29,-0.006930872721611757,1
30,0.019774414263763702,2
31,0.009384532007001047,2
32,0.0162251132760215,2
33,0.012968526136847174,2
34,-0.02024884084038599,0
35,-0.004586078263272976,1
36,-0.008863926904886866,0
37,-0.0003766804983115975,1
38,-0.006026476394355767,1
39,-0.01943760159431329,0
