rep,projection_perron,basin
0,0.00200110264139305,1
1,-0.0031530117194557557,0
2,-0.004075381860520102,0
3,0.0008359440839200544,1
4,-0.0013283256195595029,0
5,-0.0035994498269295637,0
6,-0.0012471495821990354,0
7,-0.000801846443130488,0
8,0.003842966303793634,1
9,0.0058199498131179805,1
10,-0.0002926404593578255,1
11,-0.0028528164465765424,0
12,0.0013024661331937893,1
13,0.00034954500772387204,1
14,-0.0013374371800160337,0
15,-0.004407320109077327,0
16,0.0013538779051035354,1
17,-0.0018153447878264508,0
18,0.0032075818573308497,1
19,-0.005732718998592819,0
20,-0.000898940430419289,0
21,0.004180795116170584,1
22,0.0003824810741608275,1
23,0.0052601573518010775,1
24,-0.001970585001310026,0
25,0.003355622978506451,1
26,-0.0008179814001128795,0
27,-0.002425988600815374,0
28,-0.00012928625381762693,1
29,0.0016947032951580721,1
30,-0.0010092289607890454,0
31,0.0016652411662417255,1
32,0.0027703284367554433,1
33,0.0039057582109004903,1
34,-0.002778810970135339,0
35,0.0033998405058785625,1
36,0.0010406956098323239,1
37,-0.0030577326957180557,0
38,-0.002208279918144948,0
39,-0.004547503312165876,0
