eigenvalue,rank
0.0,1
0.0,2
0.0,3
0.0,4
0.0,5
0.0,6
0.0,7
0.0,8
0.0,9
0.0,10
0.0,11
0.0,12
0.0,13
0.0,14
0.0,15
3.4375013505378246e-18,16
2.6376805361303433e-17,17
4.7907985934380885e-17,18
6.01111159238611e-17,19
6.631048057362786e-17,20
7.90851662771467e-17,21
1.2123434813280125e-16,22
1.573011021106668e-16,23
2.4683810253524017e-16,24
3.0564967006575234e-08,25
2.3765507471367425e-06,26
2.4481147216256955e-05,27
4.995071969743046e-05,28
9.451601336049759e-05,29
0.00012237365649170212,30
0.00013804358456714176,31
0.0001482910695550193,32
0.00024028101464174266,33
0.0003984165723724162,34
0.0004839932513332911,35
0.00051259465464822,36
0.000571111256467858,37
0.0007434867809805877,38
0.0009207612187990806,39
0.30986981714697964,40
0.3273987039128499,41
0.33930362523534197,42
0.3442589860190368,43
0.34467846868476165,44
0.34783603712555167,45
0.3529149825863268,46
0.35307036066105285,47
0.3590412945182543,48
0.3612041836429902,49
0.36412933245289497,50
0.3660055259492562,51
0.3707321816500066,52
0.3731461993654465,53
0.3753076796265018,54
0.3766367447561413,55
0.3784696664138454,56
0.38568766616197064,57
0.38747686864012376,58
0.3884607986479532,59
0.3905962631000997,60
0.3915353245006596,61
0.39519184204987423,62
0.3961844808693527,63
0.3975628628121715,64
0.40181698250666836,65
0.402354334034429,66
0.40427920384897514,67
0.4090155426948917,68
0.41131503564717076,69
0.4129299533170721,70
0.41452432449389304,71
0.4159117452261654,72
0.41658479880897875,73
0.41802864678163704,74
0.41835483578974825,75
0.41932357981016394,76
0.42330153438878626,77
0.42770048170336267,78
0.4288293493019829,79
0.4296371923470919,80
0.43153122636599767,81
0.43575229064201654,82
0.43754453013300404,83
0.4411365247498226,84
0.44258319191372825,85
0.4464670791617047,86
0.4533241423079656,87
0.454769999352693,88
0.46537858374227214,89
0.47161114969670836,90
0.47666941156907294,91
0.48194090824440006,92
0.49800150552772976,93
0.5261563194903962,94
0.5358474747068473,95
0.6484250427951725,96
0.6543227275483946,97
0.9009014317317017,98
1.6910461520964897,99
