gene_i,gene_j,partial_corr
ESR1,PGR,0.08983959320734886
ESR1,AR,0.11049394923265521
ESR1,TFF1,0.14889837876219256
ESR1,ERBB3,0.1297597560746663
ESR1,EGFR,-0.17331276119785402
ESR1,IGF1R,0.2073254463884308
ESR1,MAPK1,-0.08855503816821984
ESR1,MAPK3,0.06224051415915933
ESR1,CCND1,0.12172532550095473
ESR1,CCNE1,-0.12247047781441465
ESR1,BCL2,0.19941309045007546
ESR1,CDH3,-0.12537416656690048
ESR1,CXCL8,-0.0744816575235708
ESR1,RARA,0.14779798386744553
PGR,TFF1,0.0965448277704711
AR,ERBB3,0.09952674732108187
AR,NRAS,-0.13885829177676068
TFF1,CDH3,-0.054404342373423197
ERBB2,FGFR4,0.0817445137571919
ERBB3,MAPK1,-0.08709512190395725
EGFR,CDH3,0.1490975871433805
HBEGF,CXCR4,0.05951530858212474
HBEGF,CXCL8,0.05486410612792369
IGF1R,MAPK1,-0.06765470163062626
IGF1R,CCND1,0.09188805557737237
IGF1R,BCL2,0.1495845005751788
NRAS,CCNA2,0.06712358545540634
MAP2K1,CXCR4,0.09072816862886728
MAP2K1,RXRA,-0.05023985096235912
MAP2K2,MTOR,0.05065654275034872
MAP2K2,RPS6KA1,0.08144112490439709
MAPK1,MCM5,0.05174469043165603
AKT1,MYC,-0.0604050462671216
PTEN,PLK1,-0.05440102935196808
RPS6KA3,CASP8,0.053313869521182666
RPS6KA3,HIF1A,0.08993828048110043
RPS6KA3,CXCR4,0.11244803422551729
RPS6KA3,JAK1,0.12435754200636175
MKI67,CDC20,0.09960804243334281
MKI67,CDC25A,0.11567148059190933
MKI67,CDC25C,0.05952580291479169
MKI67,BUB1,0.05607095021383447
MKI67,MCM2,0.09062203270561826
MKI67,MCM5,0.0671148019187019
MKI67,MCM7,0.06928867934695776
TOP2A,CCNA2,0.08561746320739365
TOP2A,CCNB1,0.061776870378551355
TOP2A,CCNB2,0.08290443313021835
TOP2A,CDC25C,0.11452068030924036
TOP2A,AURKA,0.11873146909445427
TOP2A,MCM2,0.09672141257424065
CCNA2,CCNB2,0.1562862582548893
CCNA2,CDK1,0.17854145077409858
CCNA2,BUB1,0.1296787522055465
CCNA2,AURKA,0.10521365640408614
CCNA2,PLK1,0.09588372869927232
CCNA2,MCM3,0.06586287552700942
CCNA2,MCM6,0.06652224393734853
CCNA2,CENPI,0.1205292638422553
CCNB1,CDK1,0.13465053111195455
CCNB1,CDC25C,0.1922222627397087
CCNB1,BUB1,0.09663366783268561
CCNB2,CDK1,0.11684017838481031
CCNB2,CDC20,0.13190562563251707
CCNB2,CDC25C,0.08154497904409073
CCNB2,BUB1,0.11291446978757926
CCNB2,AURKA,0.11168816089397471
CCNB2,PLK1,0.07113348926317291
CCNB2,MCM4,0.053112218820312786
CCNB2,MCM6,0.07095109957172234
CCND1,RARA,0.07420703132528546
CCND2,ATM,0.1257440643775516
CCND2,JAK2,0.1088565610700031
CCNE1,CDC20,0.09848535807023898
CCNE1,CDC25A,0.10953820599263685
CCNE1,CDC25B,0.08627024886258695
CCNE1,BUB1,0.08807926425285463
CCNE1,PLK1,0.0857984674359038
CCNE1,MCM6,0.05834002668392543
CCNE1,CENPI,0.07023695886549092
CCNE1,BCL2,-0.05528434524319201
CCNE1,CDH3,0.07411679468390064
CDK1,BUB1,0.14457544506348835
CDK1,RXRA,-0.058501250835881285
CDC20,CDC25A,0.07419550161671545
CDC20,CDC25B,0.06245078989032983
CDC20,CDC25C,0.05692295993412792
CDC20,BUB1,0.08988593095568437
CDC20,AURKA,0.08026167749228068
CDC20,PLK1,0.12131887337951101
CDC20,MCM4,0.06282561280148521
CDC20,MCM5,0.0648245109605219
CDC20,MCM7,0.09296873758082569
CDC20,STAT1,0.05826570585849666
CDC25A,BUB1,0.072248732328586
CDC25A,AURKA,0.0575344575521288
CDC25A,MCM2,0.1061168426360684
CDC25A,MCM4,0.055201277710315286
CDC25A,MCM6,0.060468774341692136
CDC25A,MCM7,0.06561212697900257
CDC25B,AURKA,0.06980191250640314
CDC25B,MCM5,0.0824038677028571
CDC25B,STAT1,0.09651535062010738
CDC25C,BUB1,0.0530047321182526
CDC25C,AURKA,0.08306850002525097
CDC25C,MCM2,0.10275557734692466
BUB1,AURKA,0.08356217805789741
BUB1,MCM6,0.10558502726415803
BUB1,CENPI,0.0873006725396544
AURKA,PLK1,0.08285071392187711
AURKA,MCM2,0.05014930087741228
AURKA,MCM4,0.05936846190074786
MCM2,MCM3,0.13551993068348425
MCM2,MCM4,0.132471215945763
MCM2,MCM5,0.1200639053646844
MCM2,MCM6,0.09907988171421016
MCM2,MCM7,0.06350311499691437
MCM3,MCM4,0.08409581628483519
MCM3,MCM6,0.09729743377413953
MCM3,MCM7,0.09254016227620772
MCM4,MCM7,0.07575932915914865
MCM5,MCM6,0.12274323842044306
MCM5,MCM7,0.08114114847920198
MCM6,MCM7,0.07002971968079938
MCM6,CASP3,0.06570401260434827
BCL2,CDH3,-0.05295685148627458
BCL2,CXCL8,-0.06842930441915797
CASP8,CXCR4,0.16242826891850803
CASP8,JAK1,0.09466657608280592
FN1,VEGFC,0.07522946810509423
HIF1A,CXCR4,0.09500510791047426
HIF1A,CXCL8,0.07542033043143727
HIF1AN,JAK1,-0.06132027208589359
CXCR4,JAK1,0.1474093943223927
CXCR4,MYC,0.08695858662610657
JAK1,STAT3,0.09107327774155113
STAT5A,STAT5B,0.08406798171450396
RARA,RARB,-0.07649703794069837
MYC,ERRFI1,0.05735053409455061
