gene_i,gene_j,stability_floor,stability_threshold
ESR1,PGR,1.0,1.0
ESR1,AR,1.0,1.0
ESR1,TFF1,1.0,1.0
ESR1,ERBB3,1.0,1.0
ESR1,EGFR,1.0,1.0
ESR1,IGF1R,1.0,1.0
ESR1,MAPK1,1.0,1.0
ESR1,MAPK3,1.0,0.92
ESR1,CCND1,1.0,1.0
ESR1,CCNE1,1.0,1.0
ESR1,CDC25B,0.88,0.0
ESR1,MCM5,0.88,0.0
ESR1,MCM6,1.0,0.0
ESR1,BCL2,1.0,1.0
ESR1,CDH3,1.0,1.0
ESR1,TUBB3,1.0,0.0
ESR1,CXCL8,1.0,1.0
ESR1,FGFR3,1.0,0.0
ESR1,RARA,1.0,1.0
ESR1,IGFBP2,1.0,0.04
ESR1,IGFBP3,0.68,0.0
PGR,TFF1,1.0,1.0
PGR,CCNE1,0.96,0.0
AR,ERBB3,1.0,1.0
AR,NRAS,1.0,1.0
AR,AKT1,1.0,0.0
AR,RARA,1.0,0.32
AR,RXRA,1.0,0.0
AR,MYC,0.56,0.0
TFF1,ERBB3,0.84,0.0
TFF1,IGF1R,0.92,0.0
TFF1,CCNE1,1.0,0.04
TFF1,CDC25B,0.32,0.0
TFF1,CDH3,1.0,0.72
ERBB2,FGFR4,1.0,1.0
ERBB3,HBEGF,0.72,0.0
ERBB3,IGF1R,1.0,0.16
ERBB3,MAPK1,1.0,1.0
ERBB3,RPS6KA3,1.0,0.12
ERBB3,CCND1,1.0,0.0
ERBB3,CXCL8,0.56,0.0
ERBB3,FGFR3,1.0,0.32
ERBB3,RARA,0.44,0.0
EGFR,BCL2,1.0,0.0
EGFR,CDH3,1.0,1.0
EGFR,CXCL8,1.0,0.04
EGFR,RARA,0.68,0.0
HBEGF,RPS6KA3,0.8,0.0
HBEGF,VEGFC,1.0,0.32
HBEGF,CXCR4,1.0,0.84
HBEGF,CXCL8,1.0,0.76
HBEGF,MYC,1.0,0.04
IGF1R,MAPK1,1.0,0.92
IGF1R,CCND1,1.0,1.0
IGF1R,BCL2,1.0,1.0
IGF1R,HIF1A,0.88,0.0
IGF1R,CXCL8,0.44,0.0
GRB2,CASP8,0.96,0.0
NRAS,MAP2K1,0.84,0.0
NRAS,MAPK1,0.96,0.0
NRAS,CCNA2,1.0,0.96
NRAS,CDK1,0.92,0.0
NRAS,MCM6,1.0,0.0
NRAS,CXCR4,0.68,0.0
NRAS,RARA,1.0,0.12
NRAS,RXRA,1.0,0.44
MAP2K1,RPS6KA3,0.72,0.0
MAP2K1,VEGFC,0.92,0.0
MAP2K1,HIF1A,1.0,0.0
MAP2K1,HIF1AN,0.84,0.0
MAP2K1,CXCR4,1.0,1.0
MAP2K1,CXCL8,0.8,0.0
MAP2K1,JAK1,1.0,0.0
MAP2K1,RXRA,1.0,0.48
MAP2K1,MYC,0.92,0.0
MAP2K2,PIK3R2,0.92,0.0
MAP2K2,AKT1,0.56,0.0
MAP2K2,MTOR,1.0,0.52
MAP2K2,RPS6KA1,1.0,1.0
MAP2K2,CDC25B,0.92,0.0
MAP2K2,MCM5,0.84,0.0
MAP2K2,CASP8,1.0,0.12
MAP2K2,JAK1,0.92,0.0
MAPK1,CCND1,0.96,0.0
MAPK1,MCM5,1.0,0.64
MAPK1,CXCR4,1.0,0.0
MAPK1,STAT1,0.6,0.0
MAPK1,RARA,1.0,0.0
MAPK3,CCND1,0.8,0.0
PIK3CA,CCNB1,0.96,0.2
PIK3R1,TOP2A,0.84,0.0
PIK3R1,CCNA2,1.0,0.2
PIK3R1,BUB1,0.92,0.0
PIK3R1,AURKA,1.0,0.12
PIK3R1,PLK1,0.88,0.0
PIK3R1,MCM2,0.56,0.0
PIK3R1,MCM4,0.36,0.0
PIK3R2,AKT1,1.0,0.44
AKT1,MYC,1.0,0.76
PTEN,CCNE1,1.0,0.0
PTEN,AURKA,1.0,0.0
PTEN,PLK1,1.0,0.76
PTEN,BCL2,0.96,0.0
MTOR,RPS6KA1,1.0,0.08
RPS6KA2,TOP2A,1.0,0.0
RPS6KA2,CCNA2,0.56,0.0
RPS6KA2,CCNB1,1.0,0.24
RPS6KA2,CDK1,1.0,0.32
RPS6KA2,CDC25C,1.0,0.0
RPS6KA3,CASP8,1.0,0.72
RPS6KA3,ATM,1.0,0.0
RPS6KA3,HIF1A,1.0,1.0
RPS6KA3,HIF1AN,0.76,0.0
RPS6KA3,CXCR4,1.0,1.0
RPS6KA3,JAK1,1.0,1.0
MKI67,TOP2A,1.0,0.04
MKI67,CCNA2,0.32,0.0
MKI67,CCNB2,1.0,0.08
MKI67,CCNE1,0.92,0.0
MKI67,CDC20,1.0,1.0
MKI67,CDC25A,1.0,1.0
MKI67,CDC25B,1.0,0.04
MKI67,CDC25C,1.0,0.88
MKI67,BUB1,1.0,0.72
MKI67,PLK1,1.0,0.0
MKI67,MCM2,1.0,1.0
MKI67,MCM3,1.0,0.4
MKI67,MCM5,1.0,1.0
MKI67,MCM6,1.0,0.0
MKI67,MCM7,1.0,1.0
TOP2A,CCNA2,1.0,1.0
TOP2A,CCNB1,1.0,0.96
TOP2A,CCNB2,1.0,1.0
TOP2A,CDK1,1.0,0.08
TOP2A,CDC20,1.0,0.0
TOP2A,CDC25C,1.0,1.0
TOP2A,BUB1,1.0,0.4
TOP2A,AURKA,1.0,1.0
TOP2A,MCM2,1.0,1.0
TOP2A,MCM3,1.0,0.36
TOP2A,MCM4,1.0,0.0
CCNA2,CCNB1,0.76,0.0
CCNA2,CCNB2,1.0,1.0
CCNA2,CCNE1,0.76,0.0
CCNA2,CDK1,1.0,1.0
CCNA2,CDC20,1.0,0.0
CCNA2,CDC25A,1.0,0.0
CCNA2,CDC25C,0.72,0.0
CCNA2,BUB1,1.0,1.0
CCNA2,AURKA,1.0,1.0
CCNA2,PLK1,1.0,1.0
CCNA2,MCM3,1.0,1.0
CCNA2,MCM4,1.0,0.0
CCNA2,MCM6,1.0,1.0
CCNA2,CENPI,1.0,1.0
CCNA2,CASP3,1.0,0.0
CCNA2,RXRA,0.76,0.0
CCNB1,CCNB2,1.0,0.0
CCNB1,CDK1,1.0,1.0
CCNB1,CDC20,1.0,0.0
CCNB1,CDC25C,1.0,1.0
CCNB1,BUB1,1.0,1.0
CCNB1,AURKA,1.0,0.04
CCNB1,PLK1,1.0,0.0
CCNB1,STAT3,0.84,0.0
CCNB2,CCNE1,1.0,0.0
CCNB2,CDK1,1.0,1.0
CCNB2,CDC20,1.0,1.0
CCNB2,CDC25A,1.0,0.0
CCNB2,CDC25B,1.0,0.0
CCNB2,CDC25C,1.0,1.0
CCNB2,BUB1,1.0,1.0
CCNB2,AURKA,1.0,1.0
CCNB2,PLK1,1.0,1.0
CCNB2,MCM2,1.0,0.0
CCNB2,MCM3,0.88,0.0
CCNB2,MCM4,1.0,0.76
CCNB2,MCM6,1.0,1.0
CCNB2,MCM7,1.0,0.28
CCNB2,CENPI,1.0,0.0
CCNB2,CASP3,0.88,0.0
CCNB2,STAT5B,1.0,0.04
CCND1,BCL2,0.88,0.0
CCND1,HIF1A,0.84,0.0
CCND1,FGFR3,1.0,0.04
CCND1,RARA,1.0,1.0
CCND2,ATM,1.0,1.0
CCND2,VEGFC,1.0,0.08
CCND2,CXCR4,1.0,0.0
CCND2,JAK2,1.0,1.0
CCNE1,CDC20,1.0,1.0
CCNE1,CDC25A,1.0,1.0
CCNE1,CDC25B,1.0,1.0
CCNE1,BUB1,1.0,1.0
CCNE1,AURKA,1.0,0.0
CCNE1,PLK1,1.0,1.0
CCNE1,MCM5,1.0,0.0
CCNE1,MCM6,1.0,0.88
CCNE1,MCM7,1.0,0.0
CCNE1,CENPI,1.0,1.0
CCNE1,BCL2,1.0,0.8
CCNE1,CDH3,1.0,1.0
CCNE1,TUBB3,1.0,0.0
CCNE1,STAT1,0.56,0.0
CCNE1,RASA1,0.96,0.0
CDK1,CDC25C,0.72,0.0
CDK1,BUB1,1.0,1.0
CDK1,AURKA,1.0,0.04
CDK1,MCM3,0.8,0.0
CDK1,MCM6,0.6,0.0
CDK1,CENPI,1.0,0.0
CDK1,STAT5B,1.0,0.04
CDK1,RXRA,1.0,0.76
CDC20,CDC25A,1.0,1.0
CDC20,CDC25B,1.0,1.0
CDC20,CDC25C,1.0,0.8
CDC20,BUB1,1.0,1.0
CDC20,AURKA,1.0,1.0
CDC20,PLK1,1.0,1.0
CDC20,MCM2,1.0,0.12
CDC20,MCM4,1.0,1.0
CDC20,MCM5,1.0,1.0
CDC20,MCM6,1.0,0.0
CDC20,MCM7,1.0,1.0
CDC20,CENPI,0.76,0.0
CDC20,BCL2,1.0,0.0
CDC20,STAT1,1.0,0.88
CDC20,RASA1,1.0,0.0
CDC25A,CDC25B,1.0,0.0
CDC25A,CDC25C,0.84,0.0
CDC25A,BUB1,1.0,1.0
CDC25A,AURKA,1.0,0.88
CDC25A,PLK1,1.0,0.0
CDC25A,MCM2,1.0,1.0
CDC25A,MCM3,0.92,0.0
CDC25A,MCM4,1.0,0.8
CDC25A,MCM5,1.0,0.0
CDC25A,MCM6,1.0,0.96
CDC25A,MCM7,1.0,1.0
CDC25A,CENPI,1.0,0.0
CDC25B,AURKA,1.0,1.0
CDC25B,PLK1,0.92,0.0
CDC25B,MCM2,1.0,0.0
CDC25B,MCM5,1.0,1.0
CDC25B,MCM7,1.0,0.0
CDC25B,STAT1,1.0,1.0
CDC25C,BUB1,1.0,0.8
CDC25C,AURKA,1.0,1.0
CDC25C,PLK1,1.0,0.0
CDC25C,MCM2,1.0,1.0
BUB1,AURKA,1.0,1.0
BUB1,PLK1,1.0,0.12
BUB1,MCM4,0.88,0.0
BUB1,MCM6,1.0,1.0
BUB1,MCM7,0.88,0.0
BUB1,CENPI,1.0,1.0
BUB1,BCL2,0.36,0.0
BUB1,CASP3,0.64,0.0
BUB1,STAT1,1.0,0.0
AURKA,PLK1,1.0,1.0
AURKA,MCM2,1.0,0.48
AURKA,MCM4,1.0,0.92
AURKA,CENPI,1.0,0.0
PLK1,MCM2,1.0,0.4
PLK1,MCM4,1.0,0.12
PLK1,MCM6,1.0,0.0
PLK1,MCM7,1.0,0.0
PLK1,CENPI,1.0,0.32
PLK1,BCL2,0.56,0.0
MCM2,MCM3,1.0,1.0
MCM2,MCM4,1.0,1.0
MCM2,MCM5,1.0,1.0
MCM2,MCM6,1.0,1.0
MCM2,MCM7,1.0,1.0
MCM2,CENPI,0.96,0.0
MCM3,MCM4,1.0,1.0
MCM3,MCM5,1.0,0.0
MCM3,MCM6,1.0,1.0
MCM3,MCM7,1.0,1.0
MCM4,MCM6,1.0,0.0
MCM4,MCM7,1.0,1.0
MCM4,CENPI,1.0,0.0
MCM5,MCM6,1.0,1.0
MCM5,MCM7,1.0,1.0
MCM5,STAT1,1.0,0.04
MCM6,MCM7,1.0,1.0
MCM6,CENPI,0.96,0.0
MCM6,CASP3,1.0,0.96
BCL2,CASP3,1.0,0.04
BCL2,CDH3,1.0,0.56
BCL2,TUBB3,0.96,0.0
BCL2,HIF1A,1.0,0.0
BCL2,CXCL8,1.0,0.96
BCL2,FGFR4,0.96,0.0
CASP8,CXCR4,1.0,1.0
CASP8,JAK1,1.0,1.0
ATM,JAK2,1.0,0.04
CDH2,FN1,1.0,0.04
CDH2,TUBB3,1.0,0.2
CDH3,TUBB3,0.84,0.0
FN1,VEGFC,1.0,0.88
FN1,CXCL8,0.8,0.0
TUBB3,CXCL8,1.0,0.52
VEGFC,CXCR4,1.0,0.16
HIF1A,HIF1AN,0.84,0.0
HIF1A,CXCR4,1.0,1.0
HIF1A,CXCL8,1.0,1.0
HIF1A,JAK1,1.0,0.0
HIF1AN,CXCR4,1.0,0.16
HIF1AN,JAK1,1.0,0.8
HIF1AN,MYC,0.56,0.0
CXCR4,JAK1,1.0,1.0
CXCR4,MYC,1.0,1.0
JAK1,STAT3,1.0,1.0
STAT5A,STAT5B,1.0,1.0
RARA,RARB,1.0,0.96
MYC,ERRFI1,1.0,0.72
