stratum,time_months,survival,n_at_risk
CS-low,0.1,0.997979797979798,990
CS-low,0.366667,0.996969696969697,988
CS-low,0.7,0.9959595959595959,987
CS-low,1.233333,0.9959595959595959,986
CS-low,1.266667,0.9959595959595959,985
CS-low,1.333333,0.9949474418986615,984
CS-low,1.633333,0.9939352878377269,983
CS-low,2.066667,0.9929231337767924,982
CS-low,2.3,0.9929231337767924,981
CS-low,2.4,0.9929231337767924,980
CS-low,2.533333,0.9929231337767924,979
CS-low,2.866667,0.9929231337767924,977
CS-low,3.366667,0.9929231337767924,976
CS-low,3.5,0.9929231337767924,975
CS-low,4.233333,0.9919037055080278,974
CS-low,5.1,0.9908842772392631,973
CS-low,5.3,0.9898648489704984,972
CS-low,5.433333,0.9898648489704984,971
CS-low,6.266667,0.9888443697447556,970
CS-low,7.2,0.9878238905190129,969
CS-low,8.133333,0.9868034112932701,968
CS-low,8.333333,0.9857829320675273,967
CS-low,8.633333,0.9847624528417845,966
CS-low,9.0,0.9837419736160418,965
CS-low,9.1,0.9817010151645562,964
CS-low,9.4,0.9806805359388134,962
CS-low,9.466667,0.9796600567130707,961
CS-low,9.6,0.9786395774873278,960
CS-low,9.7,0.9786395774873278,959
CS-low,9.833333,0.9776180330431865,958
CS-low,9.966667,0.9765964885990452,957
CS-low,10.066667,0.975574944154904,956
CS-low,10.1,0.9745533997107627,955
CS-low,10.833333,0.9735318552666214,954
CS-low,11.0,0.9714887663783389,953
CS-low,11.7,0.9714887663783389,951
CS-low,11.866667,0.9704661466242565,950
CS-low,11.9,0.969443526870174,949
CS-low,12.333333,0.9684209071160915,948
CS-low,12.4,0.9684209071160915,947
CS-low,12.6,0.9673972063686115,946
CS-low,12.9,0.9663735056211314,945
CS-low,12.933333,0.9653498048736514,944
CS-low,13.0,0.9643261041261715,943
CS-low,13.033333,0.9633024033786914,942
CS-low,13.1,0.9622787026312115,941
CS-low,13.5,0.9612550018837315,940
CS-low,13.533333,0.9612550018837315,939
CS-low,13.7,0.960230209770849,938
CS-low,13.933333,0.9592054176579666,937
CS-low,14.133333,0.9581806255450842,936
CS-low,14.9,0.9571558334322018,935
CS-low,15.166667,0.9561310413193194,934
CS-low,15.333333,0.9551062492064369,933
CS-low,15.566667,0.9540814570935545,932
CS-low,15.6,0.9530566649806721,931
CS-low,15.866667,0.9520318728677897,930
CS-low,16.1,0.9510070807549073,929
CS-low,17.566667,0.9499822886420248,928
CS-low,17.766667,0.9499822886420248,927
CS-low,17.833333,0.9489563898421954,926
CS-low,18.1,0.947930491042366,925
CS-low,18.133333,0.9458786934427073,924
CS-low,18.366667,0.9448527946428779,922
CS-low,18.566667,0.9438268958430485,921
CS-low,18.7,0.9428009970432191,920
CS-low,19.133333,0.9417750982433897,919
CS-low,19.233333,0.9407491994435603,918
CS-low,19.6,0.9407491994435603,917
CS-low,19.8,0.9397221806668752,916
CS-low,20.266667,0.9386951618901901,915
CS-low,20.533333,0.9376670182298503,913
CS-low,21.3,0.9376670182298503,912
CS-low,21.766667,0.936637745981519,911
CS-low,22.0,0.9356084737331877,910
CS-low,22.2,0.9345792014848564,909
CS-low,22.233333,0.9345792014848564,908
CS-low,22.7,0.9335487944269899,907
CS-low,23.0,0.9325183873691235,906
CS-low,23.266667,0.931487980311257,905
CS-low,23.333333,0.9294271661955242,904
CS-low,23.8,0.9294271661955242,902
CS-low,23.933333,0.9294271661955242,901
CS-low,23.966667,0.9283944693441959,900
CS-low,24.233333,0.9273617724928674,899
CS-low,24.4,0.9273617724928674,898
CS-low,24.633333,0.9273617724928674,897
CS-low,24.733333,0.9263267705146389,896
CS-low,24.966667,0.9252917685364102,895
CS-low,25.166667,0.9242567665581815,894
CS-low,25.3,0.9232217645799528,893
CS-low,25.466667,0.9221867626017242,892
CS-low,25.533333,0.9221867626017242,891
CS-low,25.633333,0.9211505976999245,890
CS-low,25.666667,0.9201144327981248,889
CS-low,26.4,0.9190782678963251,888
CS-low,26.733333,0.9190782678963251,887
CS-low,26.766667,0.9180409335081803,886
CS-low,27.2,0.9170035991200355,885
CS-low,27.4,0.9170035991200355,884
CS-low,27.466667,0.915965089947759,883
CS-low,27.9,0.9149265807754827,882
CS-low,28.0,0.9138880716032063,881
CS-low,28.033333,0.91284956243093,880
CS-low,28.066667,0.91284956243093,879
CS-low,28.433333,0.9118098704463844,878
CS-low,28.533333,0.9107701784618389,877
CS-low,29.333333,0.9097304864772934,876
CS-low,29.433333,0.9086907944927479,875
CS-low,30.433333,0.9086907944927479,874
CS-low,30.6,0.9076499115666394,873
CS-low,30.7,0.9076499115666394,872
CS-low,30.8,0.9076499115666394,871
CS-low,30.933333,0.906606635806218,870
CS-low,30.966667,0.906606635806218,869
CS-low,31.166667,0.905562158115197,868
CS-low,31.333333,0.905562158115197,867
CS-low,31.666667,0.9045164743298446,866
CS-low,31.8,0.9034707905444921,865
CS-low,32.2,0.9024251067591397,864
CS-low,32.533333,0.8992880554030824,863
CS-low,32.733333,0.8992880554030824,860
CS-low,33.0,0.8992880554030824,859
CS-low,33.4,0.8982399341263888,858
CS-low,33.5,0.8971918128496952,857
CS-low,33.566667,0.8971918128496952,856
CS-low,33.8,0.8971918128496952,855
CS-low,34.133333,0.8950906610631619,854
CS-low,34.166667,0.8940400851698953,852
CS-low,34.3,0.8929895092766287,851
CS-low,34.433333,0.891938933383362,850
CS-low,34.5,0.8908871186034288,848
CS-low,34.766667,0.8898353038234956,847
CS-low,35.266667,0.8887822442923436,845
CS-low,35.533333,0.8877291847611916,844
CS-low,36.233333,0.8866761252300395,843
CS-low,36.266667,0.8856230656988874,842
CS-low,36.933333,0.8856230656988874,841
CS-low,37.5,0.8845687525254363,840
CS-low,37.7,0.8835144393519853,839
CS-low,37.766667,0.8835144393519853,838
CS-low,37.933333,0.881403293738241,837
CS-low,38.033333,0.8792921481244967,835
CS-low,39.833333,0.8782365753176246,833
CS-low,40.433333,0.8782365753176246,832
CS-low,40.466667,0.8771797322667009,831
CS-low,41.733333,0.8761228892157771,830
CS-low,41.766667,0.8750660461648534,829
CS-low,41.833333,0.8750660461648534,828
CS-low,42.133333,0.8740079251900471,827
CS-low,42.3,0.8740079251900471,826
CS-low,42.333333,0.8740079251900471,825
CS-low,42.566667,0.8740079251900471,824
CS-low,42.8,0.8729459471521491,823
CS-low,42.833333,0.871883969114251,822
CS-low,43.1,0.870821991076353,821
CS-low,43.4,0.8697600130384551,820
CS-low,43.433333,0.8686980350005571,819
CS-low,43.566667,0.8676360569626591,818
CS-low,43.8,0.8665740789247611,817
CS-low,43.833333,0.8655121008868631,816
CS-low,44.233333,0.8655121008868631,815
CS-low,44.3,0.864448818207641,814
CS-low,44.666667,0.8633855355284188,813
CS-low,45.333333,0.8633855355284188,812
CS-low,45.5,0.8633855355284188,811
CS-low,45.6,0.8633855355284188,810
CS-low,45.7,0.8633855355284188,809
CS-low,45.9,0.8623169890735569,808
CS-low,45.933333,0.8612484426186949,807
CS-low,46.333333,0.8601798961638331,806
CS-low,46.4,0.8591113497089712,805
CS-low,46.433333,0.8591113497089712,804
CS-low,46.733333,0.8580414725611394,803
CS-low,46.833333,0.8580414725611394,802
CS-low,46.9,0.8569702597364688,801
CS-low,47.8,0.8558990469117982,800
CS-low,47.9,0.8558990469117982,799
CS-low,48.033333,0.8548264917151669,798
CS-low,48.433333,0.8537539365185356,797
CS-low,48.533333,0.8526813813219043,796
CS-low,48.633333,0.851608826125273,795
CS-low,48.833333,0.8505362709286416,794
CS-low,48.933333,0.848391160535379,793
CS-low,49.0,0.8473186053387476,791
CS-low,49.533333,0.8473186053387476,790
CS-low,49.833333,0.8462446907565692,789
CS-low,49.866667,0.8451707761743907,788
CS-low,50.066667,0.8451707761743907,787
CS-low,50.466667,0.8451707761743907,786
CS-low,50.533333,0.8451707761743907,785
CS-low,50.633333,0.8440927522251886,784
CS-low,50.9,0.8440927522251886,783
CS-low,51.266667,0.8419339472322853,782
CS-low,51.4,0.8408545447358337,780
CS-low,51.6,0.839775142239382,779
CS-low,51.966667,0.8386957397429303,778
CS-low,52.5,0.8386957397429303,777
CS-low,52.766667,0.8376149462638801,776
CS-low,53.566667,0.8376149462638801,775
CS-low,53.733333,0.8365327564108259,774
CS-low,53.766667,0.8354505665577718,773
CS-low,54.0,0.8343683767047178,772
CS-low,54.266667,0.8343683767047178,771
CS-low,54.333333,0.8343683767047178,770
CS-low,54.466667,0.8332833723136843,769
CS-low,54.5,0.8321983679226509,768
CS-low,54.933333,0.8321983679226509,767
CS-low,55.033333,0.8321983679226509,766
CS-low,55.666667,0.8321983679226509,765
CS-low,55.766667,0.8321983679226509,764
CS-low,55.933333,0.8321983679226509,763
CS-low,56.0,0.8311062440802327,762
CS-low,56.5,0.8311062440802327,761
CS-low,56.766667,0.8311062440802327,760
CS-low,57.233333,0.8311062440802327,759
CS-low,57.466667,0.8300097978479369,758
CS-low,57.633333,0.8300097978479369,757
CS-low,57.666667,0.8300097978479369,756
CS-low,57.966667,0.8289104471223104,755
CS-low,58.666667,0.8289104471223104,754
CS-low,58.733333,0.827809636435561,753
CS-low,58.766667,0.8267088257488117,752
CS-low,58.966667,0.8256065473144799,750
CS-low,59.6,0.8256065473144799,749
CS-low,59.766667,0.8256065473144799,748
CS-low,59.8,0.8256065473144799,747
CS-low,60.266667,0.8256065473144799,746
CS-low,60.7,0.8256065473144799,745
CS-low,60.9,0.8244968610949712,744
CS-low,61.333333,0.8244968610949712,743
CS-low,61.433333,0.8244968610949712,742
CS-low,61.7,0.8244968610949712,741
CS-low,61.8,0.8233826761475456,740
CS-low,61.9,0.8233826761475456,739
CS-low,61.966667,0.8222669814644189,738
CS-low,62.333333,0.8222669814644189,737
CS-low,62.633333,0.821149770891777,736
CS-low,63.0,0.821149770891777,734
CS-low,63.3,0.8200295119956081,733
CS-low,63.5,0.8189092530994393,732
CS-low,63.566667,0.8189092530994393,731
CS-low,63.733333,0.8189092530994393,730
CS-low,63.833333,0.8189092530994393,729
CS-low,64.0,0.8177843777517753,728
CS-low,64.033333,0.8177843777517753,727
CS-low,64.233333,0.8177843777517753,726
CS-low,64.366667,0.8177843777517753,725
CS-low,64.433333,0.8166548413184165,724
CS-low,64.6,0.8166548413184165,723
CS-low,65.066667,0.8155237404301638,722
CS-low,65.3,0.8143926395419112,721
CS-low,65.333333,0.8132615386536586,720
CS-low,65.833333,0.8121288624159794,718
CS-low,65.866667,0.8109961861783003,717
CS-low,66.166667,0.8098635099406211,716
CS-low,67.633333,0.8087308337029419,715
CS-low,69.4,0.8087308337029419,714
CS-low,69.5,0.8087308337029419,713
CS-low,69.933333,0.8075949757904377,712
CS-low,70.166667,0.8075949757904377,711
CS-low,70.233333,0.8064575180780568,710
CS-low,70.9,0.8064575180780568,709
CS-low,71.0,0.8064575180780568,708
CS-low,71.466667,0.8064575180780568,707
CS-low,71.5,0.8064575180780568,706
CS-low,71.6,0.8064575180780568,704
CS-low,71.633333,0.8064575180780568,703
CS-low,71.833333,0.8053087181947547,702
CS-low,72.3,0.8053087181947547,700
CS-low,72.366667,0.8053087181947547,699
CS-low,72.433333,0.8053087181947547,698
CS-low,72.566667,0.8053087181947547,697
CS-low,72.666667,0.8053087181947547,696
CS-low,72.8,0.8053087181947547,695
CS-low,72.9,0.8053087181947547,694
CS-low,73.066667,0.804146656552338,693
CS-low,73.833333,0.804146656552338,692
CS-low,74.033333,0.8029829131998744,691
CS-low,74.2,0.801817480814969,689
CS-low,74.233333,0.8006520484300634,688
CS-low,74.566667,0.7994866160451579,687
CS-low,74.666667,0.7983194822991065,685
CS-low,74.9,0.7971523485530552,684
CS-low,75.1,0.7971523485530552,683
CS-low,75.333333,0.7971523485530552,682
CS-low,75.866667,0.7971523485530552,681
CS-low,76.0,0.7971523485530552,680
CS-low,76.066667,0.7959783392031979,679
CS-low,76.233333,0.7959783392031979,678
CS-low,76.3,0.7948025957184074,677
CS-low,76.7,0.7948025957184074,676
CS-low,76.733333,0.7936251103914171,675
CS-low,76.866667,0.7936251103914171,674
CS-low,77.233333,0.7936251103914171,673
CS-low,78.033333,0.7924441206438109,672
CS-low,78.7,0.7924441206438109,671
CS-low,78.933333,0.7912613682249395,670
CS-low,79.3,0.7912613682249395,669
CS-low,79.333333,0.7912613682249395,668
CS-low,80.333333,0.7900750693220536,667
CS-low,80.433333,0.7900750693220536,666
CS-low,80.5,0.7900750693220536,665
CS-low,80.733333,0.7900750693220536,664
CS-low,80.833333,0.7900750693220536,663
CS-low,80.966667,0.7888816024499659,662
CS-low,81.0,0.7864946687057904,661
CS-low,81.066667,0.7864946687057904,659
CS-low,81.133333,0.7864946687057904,658
CS-low,81.5,0.7852975687534224,657
CS-low,81.566667,0.7852975687534224,656
CS-low,81.766667,0.7840986411675394,655
CS-low,82.1,0.7840986411675394,654
CS-low,82.366667,0.7840986411675394,653
CS-low,82.6,0.782896035889675,652
CS-low,82.733333,0.7816934306118107,651
CS-low,82.8,0.7804908253339464,650
CS-low,82.966667,0.7804908253339464,649
CS-low,83.733333,0.7792863641837398,648
CS-low,84.2,0.7780819030335331,647
CS-low,84.633333,0.7780819030335331,645
CS-low,84.7,0.7768737013207481,644
CS-low,85.0,0.7768737013207481,643
CS-low,85.133333,0.7768737013207481,642
CS-low,85.333333,0.7768737013207481,641
CS-low,85.4,0.7768737013207481,640
CS-low,85.5,0.7768737013207481,639
CS-low,85.566667,0.7756560309425025,638
CS-low,85.7,0.7744383605642567,637
CS-low,85.733333,0.7744383605642567,636
CS-low,85.966667,0.7744383605642567,635
CS-low,86.066667,0.7732168489545339,634
CS-low,86.1,0.7732168489545339,633
CS-low,86.133333,0.7732168489545339,632
CS-low,86.3,0.7719914656756837,631
CS-low,86.4,0.7719914656756837,630
CS-low,86.6,0.7719914656756837,629
CS-low,86.733333,0.7707621799023147,628
CS-low,86.833333,0.7707621799023147,627
CS-low,86.9,0.7707621799023147,626
CS-low,87.0,0.7707621799023147,625
CS-low,87.2,0.7695269841011891,624
CS-low,87.4,0.7682917883000636,623
CS-low,87.533333,0.7682917883000636,622
CS-low,87.766667,0.7670546034557801,621
CS-low,87.8,0.7658174186114967,620
CS-low,88.0,0.7658174186114967,619
CS-low,88.2,0.7658174186114967,618
CS-low,88.233333,0.7658174186114967,617
CS-low,88.633333,0.7645742085163482,616
CS-low,89.333333,0.7645742085163482,615
CS-low,89.766667,0.7645742085163482,614
CS-low,89.966667,0.7645742085163482,613
CS-low,90.4,0.7645742085163482,612
CS-low,90.566667,0.7645742085163482,611
CS-low,90.633333,0.7633208081745181,610
CS-low,90.666667,0.7633208081745181,609
CS-low,91.066667,0.7633208081745181,608
CS-low,91.233333,0.7633208081745181,607
CS-low,91.266667,0.7633208081745181,605
CS-low,91.5,0.7633208081745181,604
CS-low,91.533333,0.7633208081745181,603
CS-low,91.6,0.7633208081745181,602
CS-low,92.766667,0.7633208081745181,601
CS-low,92.966667,0.7633208081745181,600
CS-low,93.133333,0.76204648295219,599
CS-low,93.3,0.76204648295219,598
CS-low,93.366667,0.76204648295219,597
CS-low,93.4,0.7607678814707266,596
CS-low,93.866667,0.7594892799892632,595
CS-low,94.233333,0.7594892799892632,594
CS-low,94.333333,0.7582085223501582,593
CS-low,94.566667,0.7582085223501582,592
CS-low,94.7,0.7582085223501582,591
CS-low,94.733333,0.7582085223501582,590
CS-low,95.733333,0.7582085223501582,589
CS-low,95.866667,0.7556295817979468,588
CS-low,96.2,0.7556295817979468,585
CS-low,96.4,0.7543356955277449,584
CS-low,96.633333,0.7530418092575429,583
CS-low,96.966667,0.7530418092575429,582
CS-low,97.066667,0.7517456959885971,581
CS-low,97.1,0.7504495827196512,580
CS-low,97.566667,0.7504495827196512,579
CS-low,97.6,0.7504495827196512,578
CS-low,97.766667,0.7504495827196512,577
CS-low,98.2,0.7491467188607629,576
CS-low,98.5,0.7491467188607629,575
CS-low,98.7,0.7491467188607629,574
CS-low,98.833333,0.7491467188607629,573
CS-low,99.066667,0.7478370217998175,572
CS-low,99.233333,0.7478370217998175,571
CS-low,99.4,0.7465250270247301,570
CS-low,99.533333,0.7465250270247301,569
CS-low,99.7,0.7465250270247301,568
CS-low,99.733333,0.7465250270247301,567
CS-low,99.766667,0.7465250270247301,566
CS-low,100.133333,0.7465250270247301,565
CS-low,101.233333,0.7465250270247301,564
CS-low,101.266667,0.7465250270247301,563
CS-low,101.4,0.7465250270247301,562
CS-low,101.566667,0.7465250270247301,561
CS-low,101.833333,0.7465250270247301,560
CS-low,101.9,0.7465250270247301,559
CS-low,101.966667,0.7465250270247301,558
CS-low,102.0,0.7451823561128151,556
CS-low,102.066667,0.7451823561128151,555
CS-low,102.4,0.7438372616071963,554
CS-low,102.5,0.7424921671015775,553
CS-low,102.566667,0.7424921671015775,552
CS-low,102.766667,0.7424921671015775,551
CS-low,103.1,0.741142181343211,550
CS-low,103.133333,0.741142181343211,549
CS-low,103.466667,0.7397897321071832,548
CS-low,103.766667,0.7397897321071832,546
CS-low,103.833333,0.7397897321071832,545
CS-low,104.0,0.7397897321071832,543
CS-low,104.033333,0.7384248064021884,542
CS-low,104.1,0.7384248064021884,541
CS-low,104.3,0.7384248064021884,540
CS-low,104.4,0.7384248064021884,539
CS-low,104.533333,0.7384248064021884,538
CS-low,104.666667,0.7384248064021884,537
CS-low,105.8,0.7384248064021884,536
CS-low,105.933333,0.7370445731191937,535
CS-low,105.966667,0.7370445731191937,534
CS-low,106.4,0.7356617502803209,533
CS-low,106.8,0.7342789274414482,532
CS-low,107.1,0.7342789274414482,531
CS-low,107.2,0.7328934955028794,530
CS-low,107.266667,0.7328934955028794,529
CS-low,107.466667,0.7328934955028794,528
CS-low,107.766667,0.7328934955028794,527
CS-low,107.866667,0.7328934955028794,526
CS-low,108.166667,0.7328934955028794,525
CS-low,108.233333,0.7314948437939045,524
CS-low,108.366667,0.7300961920849296,523
CS-low,108.766667,0.7300961920849296,522
CS-low,108.933333,0.7300961920849296,521
CS-low,109.0,0.7272881298076799,520
CS-low,109.033333,0.7272881298076799,518
CS-low,109.2,0.7272881298076799,517
CS-low,109.933333,0.7272881298076799,516
CS-low,110.066667,0.7258759198468883,515
CS-low,110.1,0.7244637098860967,514
CS-low,110.266667,0.7244637098860967,513
CS-low,110.533333,0.7244637098860967,512
CS-low,110.6,0.7244637098860967,511
CS-low,110.8,0.7230431928078886,510
CS-low,111.0,0.7230431928078886,509
CS-low,111.066667,0.7230431928078886,508
CS-low,111.166667,0.7230431928078886,506
CS-low,111.366667,0.7230431928078886,505
CS-low,111.6,0.7230431928078886,504
CS-low,111.7,0.7230431928078886,503
CS-low,111.866667,0.7230431928078886,502
CS-low,112.0,0.7230431928078886,501
CS-low,112.566667,0.7230431928078886,500
CS-low,112.8,0.7230431928078886,499
CS-low,112.966667,0.7230431928078886,498
CS-low,113.2,0.7230431928078886,497
CS-low,113.566667,0.7230431928078886,496
CS-low,113.666667,0.7230431928078886,495
CS-low,113.833333,0.7230431928078886,494
CS-low,114.5,0.7230431928078886,493
CS-low,114.533333,0.7230431928078886,492
CS-low,114.6,0.7230431928078886,491
CS-low,114.766667,0.7230431928078886,490
CS-low,115.6,0.7230431928078886,489
CS-low,115.633333,0.7230431928078886,488
CS-low,115.933333,0.7230431928078886,486
CS-low,116.233333,0.7230431928078886,485
CS-low,116.366667,0.7215493019136574,484
CS-low,116.533333,0.7215493019136574,483
CS-low,116.8,0.7200523116607245,482
CS-low,117.0,0.7200523116607245,481
CS-low,117.033333,0.7200523116607245,480
CS-low,117.3,0.7185490709265685,479
CS-low,117.666667,0.7185490709265685,478
CS-low,117.766667,0.7170426787443325,477
CS-low,117.866667,0.7170426787443325,476
CS-low,117.933333,0.7155331152101339,475
CS-low,118.0,0.7155331152101339,474
CS-low,118.2,0.7155331152101339,473
CS-low,118.3,0.7155331152101339,472
CS-low,118.533333,0.7155331152101339,471
CS-low,118.6,0.7140107043267081,470
CS-low,119.166667,0.7124882934432822,469
CS-low,119.3,0.7109658825598564,468
CS-low,119.5,0.7079210607930048,467
CS-low,119.733333,0.7079210607930048,465
CS-low,119.966667,0.7079210607930048,464
CS-low,120.566667,0.7063920736206657,463
CS-low,121.433333,0.7048630864483266,462
CS-low,121.533333,0.7048630864483266,461
CS-low,121.733333,0.7048630864483266,459
CS-low,121.966667,0.7048630864483266,458
CS-low,122.133333,0.7033207164560984,457
CS-low,122.166667,0.7033207164560984,455
CS-low,122.5,0.7017715518824066,454
CS-low,122.7,0.7002189599534633,452
CS-low,122.8,0.7002189599534633,449
CS-low,123.066667,0.6986559712035671,448
CS-low,123.133333,0.697092982453671,447
CS-low,123.7,0.697092982453671,446
CS-low,123.733333,0.697092982453671,445
CS-low,123.9,0.697092982453671,444
CS-low,124.0,0.697092982453671,443
CS-low,124.1,0.697092982453671,441
CS-low,124.266667,0.697092982453671,439
CS-low,124.766667,0.697092982453671,438
CS-low,124.966667,0.6954978040041203,437
CS-low,125.033333,0.6939026255545695,436
CS-low,125.066667,0.6939026255545695,435
CS-low,125.333333,0.6907049176027051,434
CS-low,125.4,0.689106063626773,432
CS-low,125.7,0.689106063626773,431
CS-low,125.766667,0.6875034913857804,430
CS-low,125.9,0.6875034913857804,429
CS-low,126.466667,0.6875034913857804,428
CS-low,126.666667,0.6875034913857804,427
CS-low,127.1,0.6875034913857804,426
CS-low,127.533333,0.6858858361119315,425
CS-low,127.7,0.6842643565939365,423
CS-low,127.833333,0.6842643565939365,422
CS-low,127.933333,0.6842643565939365,421
CS-low,128.2,0.6842643565939365,420
CS-low,128.333333,0.6826312674373877,419
CS-low,129.166667,0.680998178280839,418
CS-low,129.6,0.6793650891242902,417
CS-low,130.366667,0.6793650891242902,415
CS-low,130.433333,0.6793650891242902,414
CS-low,130.7,0.6793650891242902,413
CS-low,130.9,0.6793650891242902,412
CS-low,131.0,0.6793650891242902,411
CS-low,131.1,0.6777081011020358,410
CS-low,131.3,0.6777081011020358,408
CS-low,131.533333,0.6760388693259224,406
CS-low,131.6,0.6760388693259224,405
CS-low,131.9,0.6760388693259224,404
CS-low,132.066667,0.6760388693259224,403
CS-low,132.3,0.6760388693259224,402
CS-low,132.533333,0.6760388693259224,401
CS-low,133.466667,0.6743487721526076,400
CS-low,134.266667,0.6743487721526076,399
CS-low,134.366667,0.6743487721526076,398
CS-low,135.3,0.6743487721526076,397
CS-low,136.0,0.6743487721526076,396
CS-low,136.066667,0.6743487721526076,395
CS-low,136.466667,0.6743487721526076,394
CS-low,136.7,0.6726328719690132,393
CS-low,136.933333,0.6726328719690132,391
CS-low,137.666667,0.6726328719690132,390
CS-low,137.8,0.6709037386220492,389
CS-low,138.1,0.6709037386220492,387
CS-low,138.333333,0.6709037386220492,386
CS-low,138.566667,0.6709037386220492,385
CS-low,138.9,0.6709037386220492,384
CS-low,138.933333,0.6709037386220492,383
CS-low,139.166667,0.6709037386220492,382
CS-low,139.6,0.6709037386220492,381
CS-low,139.633333,0.6709037386220492,380
CS-low,140.2,0.6709037386220492,379
CS-low,140.233333,0.6709037386220492,378
CS-low,140.5,0.6709037386220492,377
CS-low,140.566667,0.6709037386220492,376
CS-low,141.0,0.6709037386220492,375
CS-low,141.033333,0.6709037386220492,374
CS-low,141.366667,0.6691050690815076,373
CS-low,141.566667,0.6691050690815076,372
CS-low,141.7,0.6673015513750884,371
CS-low,141.766667,0.6654980336686692,370
CS-low,142.0,0.66369451596225,369
CS-low,142.033333,0.6618909982558309,368
CS-low,142.166667,0.6618909982558309,367
CS-low,142.433333,0.6618909982558309,366
CS-low,142.666667,0.6618909982558309,365
CS-low,142.8,0.6618909982558309,364
CS-low,143.166667,0.6600676070760627,363
CS-low,143.533333,0.6600676070760627,362
CS-low,144.4,0.6600676070760627,360
CS-low,144.433333,0.6600676070760627,359
CS-low,144.466667,0.6600676070760627,358
CS-low,144.7,0.6600676070760627,357
CS-low,144.866667,0.6582134845842761,356
CS-low,145.433333,0.6582134845842761,355
CS-low,145.6,0.6563541244583317,354
CS-low,145.733333,0.6563541244583317,353
CS-low,146.033333,0.6563541244583317,352
CS-low,146.4,0.6563541244583317,351
CS-low,146.766667,0.6563541244583317,350
CS-low,146.933333,0.6563541244583317,349
CS-low,147.666667,0.6563541244583317,348
CS-low,147.933333,0.6563541244583317,347
CS-low,148.8,0.6563541244583317,346
CS-low,148.866667,0.6544461182825808,344
CS-low,148.933333,0.6525381121068299,343
CS-low,149.4,0.6525381121068299,342
CS-low,149.6,0.6525381121068299,341
CS-low,149.733333,0.6525381121068299,339
CS-low,149.8,0.6506075259763363,338
CS-low,150.466667,0.6506075259763363,337
CS-low,150.5,0.6506075259763363,336
CS-low,150.566667,0.6506075259763363,335
CS-low,150.6,0.6486595992518562,334
CS-low,151.0,0.6486595992518562,332
CS-low,151.666667,0.6486595992518562,331
CS-low,151.933333,0.6486595992518562,330
CS-low,152.066667,0.6486595992518562,329
CS-low,152.2,0.6486595992518562,328
CS-low,152.3,0.6486595992518562,327
CS-low,152.333333,0.6486595992518562,326
CS-low,152.933333,0.6486595992518562,325
CS-low,153.2,0.6486595992518562,324
CS-low,153.233333,0.6466513651984449,323
CS-low,153.3,0.6446431311450336,322
CS-low,153.566667,0.6446431311450336,320
CS-low,153.9,0.6446431311450336,319
CS-low,154.0,0.6446431311450336,318
CS-low,154.7,0.6446431311450336,317
CS-low,155.4,0.6446431311450336,316
CS-low,156.333333,0.6446431311450336,315
CS-low,156.8,0.6446431311450336,314
CS-low,157.533333,0.6446431311450336,313
CS-low,157.733333,0.6446431311450336,312
CS-low,157.8,0.6446431311450336,311
CS-low,157.833333,0.6446431311450336,310
CS-low,158.033333,0.6446431311450336,309
CS-low,158.533333,0.6446431311450336,308
CS-low,158.766667,0.6425433163856035,307
CS-low,158.966667,0.6425433163856035,306
CS-low,159.7,0.6425433163856035,305
CS-low,160.166667,0.6404296870553877,304
CS-low,160.333333,0.6404296870553877,303
CS-low,160.9,0.6404296870553877,302
CS-low,161.066667,0.6404296870553877,301
CS-low,161.133333,0.6404296870553877,300
CS-low,161.466667,0.6382877817475102,299
CS-low,161.766667,0.6382877817475102,298
CS-low,161.9,0.6361386646372492,297
CS-low,161.933333,0.6361386646372492,296
CS-low,162.766667,0.6361386646372492,295
CS-low,163.166667,0.6361386646372492,294
CS-low,163.2,0.6361386646372492,293
CS-low,163.366667,0.6339601075665737,292
CS-low,163.533333,0.6339601075665737,291
CS-low,163.733333,0.6339601075665737,290
CS-low,164.033333,0.6339601075665737,289
CS-low,164.333333,0.6339601075665737,288
CS-low,164.5,0.6339601075665737,285
CS-low,164.7,0.6339601075665737,284
CS-low,164.933333,0.6317199658437236,283
CS-low,164.966667,0.6294718520862727,281
CS-low,165.166667,0.6294718520862727,280
CS-low,165.366667,0.6294718520862727,279
CS-low,165.433333,0.6294718520862727,278
CS-low,165.833333,0.6271993905263944,277
CS-low,167.1,0.6271993905263944,276
CS-low,167.266667,0.6249186654699348,275
CS-low,168.233333,0.6226379404134752,274
CS-low,168.266667,0.6203572153570156,273
CS-low,168.7,0.6203572153570156,272
CS-low,169.233333,0.6203572153570156,271
CS-low,169.833333,0.6203572153570156,270
CS-low,170.8,0.6203572153570156,269
CS-low,170.833333,0.6203572153570156,268
CS-low,170.866667,0.6203572153570156,267
CS-low,170.9,0.6203572153570156,266
CS-low,171.1,0.6203572153570156,265
CS-low,171.3,0.6203572153570156,264
CS-low,171.633333,0.6203572153570156,263
CS-low,171.866667,0.6179894397258819,262
CS-low,172.3,0.6179894397258819,261
CS-low,172.5,0.6156125572653978,260
CS-low,172.8,0.6156125572653978,259
CS-low,172.9,0.6132264620821986,258
CS-low,172.966667,0.61083104621469,256
CS-low,173.033333,0.61083104621469,255
CS-low,173.633333,0.61083104621469,254
CS-low,174.166667,0.6084166942533671,253
CS-low,174.5,0.6084166942533671,252
CS-low,174.566667,0.6084166942533671,251
CS-low,174.6,0.6059830274763536,250
CS-low,174.633333,0.6059830274763536,249
CS-low,174.8,0.6059830274763536,248
CS-low,174.833333,0.6059830274763536,247
CS-low,175.333333,0.6059830274763536,246
CS-low,175.633333,0.6059830274763536,245
CS-low,176.033333,0.6059830274763536,244
CS-low,176.066667,0.6059830274763536,243
CS-low,176.366667,0.6059830274763536,242
CS-low,176.433333,0.6059830274763536,241
CS-low,176.5,0.6059830274763536,240
CS-low,176.766667,0.6034475336375404,239
CS-low,177.333333,0.6034475336375404,237
CS-low,177.366667,0.6008905525628051,236
CS-low,177.566667,0.5983335714880698,235
CS-low,177.6,0.5983335714880698,234
CS-low,177.9,0.5983335714880698,233
CS-low,178.566667,0.5983335714880698,232
CS-low,179.8,0.5983335714880698,231
CS-low,180.733333,0.595732121177252,230
CS-low,181.266667,0.5931306708664343,229
CS-low,181.466667,0.5931306708664343,228
CS-low,182.5,0.5931306708664343,227
CS-low,182.6,0.5931306708664343,226
CS-low,182.9,0.5931306708664343,225
CS-low,182.933333,0.5931306708664343,224
CS-low,183.266667,0.5931306708664343,223
CS-low,184.166667,0.5931306708664343,222
CS-low,184.333333,0.5931306708664343,221
CS-low,184.866667,0.590434622362496,220
CS-low,185.133333,0.590434622362496,219
CS-low,185.166667,0.590434622362496,218
CS-low,185.2,0.5877137254852495,217
CS-low,185.3,0.584992828608003,216
CS-low,185.333333,0.584992828608003,215
CS-low,185.6,0.5822592172593675,214
CS-low,185.766667,0.5822592172593675,213
CS-low,186.1,0.5822592172593675,212
CS-low,186.2,0.5822592172593675,211
CS-low,186.433333,0.5822592172593675,210
CS-low,186.533333,0.5822592172593675,209
CS-low,186.633333,0.5822592172593675,208
CS-low,186.8,0.5794463707991773,207
CS-low,187.033333,0.5794463707991773,206
CS-low,187.833333,0.5794463707991773,205
CS-low,187.866667,0.5794463707991773,204
CS-low,187.933333,0.5794463707991773,203
CS-low,188.166667,0.5794463707991773,201
CS-low,188.333333,0.5794463707991773,200
CS-low,188.533333,0.5794463707991773,199
CS-low,189.033333,0.5794463707991773,198
CS-low,189.1,0.5794463707991773,197
CS-low,189.133333,0.5794463707991773,196
CS-low,189.433333,0.5794463707991773,195
CS-low,189.866667,0.5794463707991773,194
CS-low,189.9,0.5794463707991773,193
CS-low,190.1,0.5794463707991773,192
CS-low,191.133333,0.5794463707991773,191
CS-low,191.166667,0.5794463707991773,190
CS-low,191.233333,0.5794463707991773,189
CS-low,191.6,0.5763642092523731,188
CS-low,191.933333,0.5763642092523731,187
CS-low,192.2,0.5763642092523731,186
CS-low,192.266667,0.5763642092523731,183
CS-low,192.6,0.5763642092523731,182
CS-low,193.166667,0.5763642092523731,181
CS-low,193.8,0.5763642092523731,180
CS-low,193.966667,0.5763642092523731,179
CS-low,194.166667,0.5763642092523731,178
CS-low,194.366667,0.5763642092523731,177
CS-low,194.533333,0.5763642092523731,176
CS-low,194.6,0.5763642092523731,175
CS-low,195.333333,0.5763642092523731,174
CS-low,195.866667,0.5763642092523731,173
CS-low,196.466667,0.5763642092523731,172
CS-low,196.533333,0.5763642092523731,171
CS-low,196.866667,0.5763642092523731,170
CS-low,197.333333,0.5763642092523731,169
CS-low,197.433333,0.5763642092523731,168
CS-low,197.733333,0.5763642092523731,167
CS-low,197.833333,0.5728921357026601,166
CS-low,198.1,0.5728921357026601,165
CS-low,198.433333,0.5728921357026601,164
CS-low,198.6,0.5728921357026601,163
CS-low,199.033333,0.5728921357026601,162
CS-low,199.233333,0.5728921357026601,161
CS-low,199.3,0.5728921357026601,160
CS-low,199.366667,0.5728921357026601,159
CS-low,199.533333,0.5728921357026601,158
CS-low,199.933333,0.5728921357026601,157
CS-low,199.966667,0.5728921357026601,156
CS-low,201.166667,0.5728921357026601,154
CS-low,201.766667,0.5728921357026601,153
CS-low,202.1,0.5728921357026601,152
CS-low,202.233333,0.5728921357026601,151
CS-low,202.766667,0.5728921357026601,150
CS-low,203.533333,0.5728921357026601,149
CS-low,203.7,0.5728921357026601,148
CS-low,205.733333,0.5728921357026601,147
CS-low,206.133333,0.5728921357026601,146
CS-low,206.5,0.5689411554564349,145
CS-low,206.566667,0.5649901752102097,144
CS-low,207.466667,0.5649901752102097,143
CS-low,207.633333,0.5649901752102097,142
CS-low,207.966667,0.5649901752102097,141
CS-low,208.966667,0.5609545311015653,140
CS-low,210.433333,0.5609545311015653,138
CS-low,211.4,0.5609545311015653,137
CS-low,211.733333,0.5609545311015653,136
CS-low,211.933333,0.5609545311015653,135
CS-low,212.2,0.5609545311015653,134
CS-low,212.7,0.5609545311015653,133
CS-low,213.0,0.5609545311015653,132
CS-low,213.366667,0.5609545311015653,131
CS-low,213.5,0.5609545311015653,130
CS-low,214.433333,0.5609545311015653,129
CS-low,214.8,0.5609545311015653,128
CS-low,216.033333,0.556537566289742,127
CS-low,218.666667,0.5521206014779187,126
CS-low,219.1,0.5521206014779187,125
CS-low,219.166667,0.5521206014779187,124
CS-low,219.466667,0.5521206014779187,123
CS-low,220.3,0.5521206014779187,122
CS-low,220.9,0.5521206014779187,121
CS-low,221.766667,0.5521206014779187,120
CS-low,221.9,0.5521206014779187,119
CS-low,222.033333,0.5521206014779187,118
CS-low,222.1,0.5521206014779187,117
CS-low,222.2,0.5521206014779187,116
CS-low,222.333333,0.5521206014779187,114
CS-low,222.7,0.5521206014779187,113
CS-low,224.1,0.5521206014779187,112
CS-low,224.233333,0.5521206014779187,111
CS-low,224.866667,0.5521206014779187,110
CS-low,224.933333,0.5470552748588553,109
CS-low,225.4,0.5470552748588553,108
CS-low,225.7,0.5470552748588553,107
CS-low,227.733333,0.5470552748588553,106
CS-low,227.866667,0.5470552748588553,105
CS-low,228.0,0.5470552748588553,104
CS-low,228.233333,0.5417440585980897,103
CS-low,228.333333,0.5417440585980897,102
CS-low,228.8,0.5417440585980897,101
CS-low,229.266667,0.5363266180121088,100
CS-low,229.366667,0.5363266180121088,99
CS-low,231.033333,0.5363266180121088,98
CS-low,231.533333,0.5363266180121088,97
CS-low,231.666667,0.5363266180121088,96
CS-low,232.966667,0.5363266180121088,95
CS-low,233.866667,0.5363266180121088,94
CS-low,234.233333,0.5363266180121088,93
CS-low,234.333333,0.5363266180121088,92
CS-low,234.533333,0.5363266180121088,91
CS-low,234.7,0.5363266180121088,90
CS-low,236.633333,0.5363266180121088,89
CS-low,236.933333,0.5363266180121088,88
CS-low,237.366667,0.5363266180121088,87
CS-low,238.066667,0.5363266180121088,86
CS-low,238.5,0.5363266180121088,85
CS-low,239.166667,0.5363266180121088,84
CS-low,239.233333,0.5363266180121088,83
CS-low,239.4,0.5363266180121088,82
CS-low,240.033333,0.5363266180121088,81
CS-low,240.433333,0.5363266180121088,80
CS-low,241.3,0.5363266180121088,79
CS-low,241.6,0.5363266180121088,78
CS-low,241.866667,0.5363266180121088,77
CS-low,242.566667,0.5363266180121088,76
CS-low,243.5,0.5363266180121088,75
CS-low,243.9,0.5363266180121088,74
CS-low,244.166667,0.5289796780393401,73
CS-low,245.233333,0.5289796780393401,72
CS-low,246.6,0.5289796780393401,71
CS-low,247.0,0.5289796780393401,70
CS-low,248.766667,0.5289796780393401,69
CS-low,250.133333,0.5289796780393401,68
CS-low,251.066667,0.5289796780393401,67
CS-low,251.2,0.5289796780393401,66
CS-low,251.633333,0.5289796780393401,65
CS-low,252.0,0.5289796780393401,64
CS-low,252.1,0.5289796780393401,63
CS-low,252.266667,0.520447747748383,62
CS-low,252.3,0.520447747748383,61
CS-low,252.333333,0.520447747748383,60
CS-low,252.9,0.520447747748383,59
CS-low,253.066667,0.520447747748383,58
CS-low,253.533333,0.520447747748383,57
CS-low,254.266667,0.520447747748383,56
CS-low,254.633333,0.520447747748383,55
CS-low,255.1,0.520447747748383,54
CS-low,256.5,0.520447747748383,53
CS-low,257.166667,0.520447747748383,52
CS-low,257.566667,0.520447747748383,51
CS-low,257.633333,0.520447747748383,50
CS-low,258.133333,0.520447747748383,49
CS-low,258.333333,0.520447747748383,48
CS-low,259.933333,0.520447747748383,46
CS-low,259.966667,0.520447747748383,45
CS-low,260.0,0.520447747748383,44
CS-low,260.2,0.520447747748383,43
CS-low,260.733333,0.520447747748383,42
CS-low,261.2,0.520447747748383,41
CS-low,262.866667,0.520447747748383,40
CS-low,263.033333,0.520447747748383,39
CS-low,263.433333,0.520447747748383,38
CS-low,264.766667,0.520447747748383,37
CS-low,265.0,0.520447747748383,36
CS-low,265.133333,0.520447747748383,35
CS-low,265.566667,0.520447747748383,34
CS-low,266.1,0.520447747748383,33
CS-low,266.933333,0.520447747748383,32
CS-low,267.233333,0.520447747748383,31
CS-low,268.9,0.520447747748383,30
CS-low,269.0,0.520447747748383,29
CS-low,269.633333,0.520447747748383,28
CS-low,269.9,0.520447747748383,27
CS-low,270.3,0.520447747748383,26
CS-low,270.433333,0.520447747748383,25
CS-low,270.566667,0.520447747748383,24
CS-low,271.266667,0.520447747748383,23
CS-low,271.933333,0.520447747748383,22
CS-low,272.1,0.520447747748383,21
CS-low,274.366667,0.520447747748383,20
CS-low,275.6,0.520447747748383,19
CS-low,276.933333,0.4915339839845839,18
CS-low,277.366667,0.4915339839845839,17
CS-low,279.1,0.4915339839845839,16
CS-low,280.7,0.4915339839845839,15
CS-low,281.366667,0.4915339839845839,14
CS-low,281.5,0.4915339839845839,13
CS-low,287.233333,0.4915339839845839,12
CS-low,291.166667,0.4915339839845839,11
CS-low,295.333333,0.4915339839845839,10
CS-low,296.866667,0.4915339839845839,9
CS-low,297.233333,0.4915339839845839,8
CS-low,298.033333,0.4915339839845839,7
CS-low,300.7,0.4096116533204866,6
CS-low,301.233333,0.4096116533204866,5
CS-low,302.866667,0.30720873999036497,4
CS-low,307.633333,0.30720873999036497,3
CS-low,330.366667,0.30720873999036497,2
CS-low,335.6,0.30720873999036497,1
CS-high,0.7,0.9969666329625885,989
CS-high,0.766667,0.9969666329625885,985
CS-high,0.833333,0.9959534554900655,984
CS-high,1.433333,0.9959534554900655,983
CS-high,1.766667,0.9959534554900655,982
CS-high,2.0,0.9959534554900655,981
CS-high,2.5,0.9959534554900655,980
CS-high,2.833333,0.9949361383751625,979
CS-high,2.933333,0.9939188212602594,978
CS-high,3.766667,0.9939188212602594,977
CS-high,3.966667,0.9929004618122469,976
CS-high,4.0,0.9918821023642342,975
CS-high,4.033333,0.9908637429162217,974
CS-high,4.433333,0.9898453834682092,973
CS-high,4.866667,0.9898453834682092,972
CS-high,5.033333,0.9888259752463058,971
CS-high,5.066667,0.9888259752463058,970
CS-high,5.1,0.9878055150035335,969
CS-high,5.233333,0.9867850547607613,968
CS-high,5.833333,0.985764594517989,967
CS-high,6.266667,0.9847441342752168,966
CS-high,6.466667,0.9837236740324445,965
CS-high,6.766667,0.9827032137896723,964
CS-high,7.033333,0.9816827535469,963
CS-high,7.2,0.9806622933041278,962
CS-high,7.233333,0.9796418330613555,961
CS-high,7.6,0.9786213728185833,960
CS-high,7.666667,0.977600912575811,959
CS-high,7.933333,0.9765804523330388,958
CS-high,8.1,0.9755599920902666,957
CS-high,8.166667,0.9745395318474943,956
CS-high,8.433333,0.9724986113619498,955
CS-high,8.466667,0.9714781511191776,953
CS-high,8.766667,0.9704576908764053,952
CS-high,8.9,0.9694372306336331,951
CS-high,9.066667,0.9684167703908608,950
CS-high,9.166667,0.9663758499053163,949
CS-high,9.233333,0.9653553896625441,947
CS-high,9.366667,0.9643349294197718,946
CS-high,9.433333,0.9633144691769996,945
CS-high,9.533333,0.9622940089342273,944
CS-high,9.8,0.9612735486914551,943
CS-high,9.933333,0.9602530884486828,942
CS-high,10.0,0.9592326282059106,941
CS-high,10.133333,0.9582121679631384,940
CS-high,10.266667,0.9551507872348216,939
CS-high,10.433333,0.9541303269920494,936
CS-high,10.5,0.9531098667492771,935
CS-high,10.533333,0.9520894065065049,934
CS-high,10.7,0.9510689462637326,933
CS-high,10.833333,0.9510689462637326,932
CS-high,10.866667,0.9490258335972155,931
CS-high,10.966667,0.9480042772639569,929
CS-high,11.066667,0.9469827209306982,928
CS-high,11.266667,0.9459611645974396,927
CS-high,11.533333,0.9449396082641811,926
CS-high,11.6,0.9439180519309226,925
CS-high,11.733333,0.942896495597664,924
CS-high,11.833333,0.9418749392644054,923
CS-high,11.866667,0.9408533829311468,922
CS-high,11.933333,0.9398318265978882,921
CS-high,12.166667,0.9388102702646296,920
CS-high,12.233333,0.9377887139313711,919
CS-high,12.366667,0.9367671575981126,918
CS-high,12.5,0.9357456012648541,917
CS-high,12.633333,0.9347240449315956,916
CS-high,12.7,0.9326809322650783,915
CS-high,12.866667,0.9316593759318197,913
CS-high,12.933333,0.9306378195985611,912
CS-high,12.966667,0.9285947069320438,911
CS-high,13.0,0.9275731505987853,909
CS-high,13.033333,0.9265515942655268,908
CS-high,13.1,0.9255300379322682,907
CS-high,13.366667,0.9245084815990096,906
CS-high,13.4,0.9245084815990096,905
CS-high,13.433333,0.9234846626825102,903
CS-high,13.533333,0.9224608437660107,902
CS-high,13.666667,0.9214370248495112,901
CS-high,13.733333,0.9204132059330118,900
CS-high,13.8,0.9193893870165123,899
CS-high,13.833333,0.9183655681000129,898
CS-high,13.933333,0.9173417491835135,897
CS-high,14.0,0.9163179302670141,896
CS-high,14.2,0.9152941113505146,895
CS-high,14.333333,0.9142691459402676,893
CS-high,14.366667,0.9132441805300208,892
CS-high,14.433333,0.9122192151197739,891
CS-high,14.466667,0.91016928429928,890
CS-high,14.6,0.909144318889033,888
CS-high,14.733333,0.9081193534787861,887
CS-high,14.766667,0.9070943880685393,886
CS-high,14.8,0.9060694226582924,885
CS-high,14.933333,0.9050444572480455,884
CS-high,15.066667,0.9050444572480455,883
CS-high,15.133333,0.9040183297454967,882
CS-high,15.166667,0.9029922022429479,881
CS-high,15.3,0.9029922022429479,880
CS-high,15.466667,0.9009376124767523,879
CS-high,15.5,0.8999103175936546,877
CS-high,15.533333,0.8999103175936546,876
CS-high,15.566667,0.8988818486592619,875
CS-high,15.666667,0.8978533797248691,874
CS-high,15.866667,0.8968249107904763,873
CS-high,16.166667,0.8947679729216907,872
CS-high,16.266667,0.8937383204787429,869
CS-high,16.3,0.8927086680357951,868
CS-high,16.333333,0.8916790155928471,867
CS-high,16.8,0.8906493631498992,866
CS-high,16.833333,0.8906493631498992,865
CS-high,16.866667,0.8896185189795868,864
CS-high,17.0,0.887556830638962,863
CS-high,17.133333,0.887556830638962,861
CS-high,17.2,0.8865247878126375,860
CS-high,17.333333,0.8854927449863131,859
CS-high,17.466667,0.8844607021599887,858
CS-high,17.533333,0.8834286593336643,857
CS-high,17.733333,0.88239661650734,856
CS-high,17.766667,0.8803325308546912,855
CS-high,17.833333,0.8803325308546912,853
CS-high,17.933333,0.8782660225662999,852
CS-high,18.066667,0.8772327684221043,850
CS-high,18.1,0.8761995142779087,849
CS-high,18.333333,0.875166260133713,848
CS-high,18.466667,0.8730997518453217,847
CS-high,18.566667,0.8720664977011261,845
CS-high,18.8,0.8710332435569305,844
CS-high,18.966667,0.8699999894127348,843
CS-high,19.0,0.8699999894127348,842
CS-high,19.033333,0.868965506666703,841
CS-high,19.1,0.8679310239206712,840
CS-high,19.166667,0.8668965411746394,839
CS-high,19.333333,0.8658620584286076,838
CS-high,19.533333,0.8648275756825758,837
CS-high,19.733333,0.8627586101905123,836
CS-high,19.8,0.8617228855684348,833
CS-high,19.833333,0.8606871609463573,832
CS-high,19.966667,0.8586157117022025,831
CS-high,20.066667,0.8575799870801252,829
CS-high,20.2,0.8565442624580477,828
CS-high,20.3,0.8555085378359704,827
CS-high,20.433333,0.8544728132138929,826
CS-high,20.5,0.8534370885918154,825
CS-high,20.666667,0.8513656393476605,824
CS-high,20.833333,0.8503299147255831,822
CS-high,20.866667,0.8492941901035056,821
CS-high,21.066667,0.8482584654814281,820
CS-high,21.233333,0.8472227408593507,819
CS-high,21.266667,0.8461870162372732,818
CS-high,21.3,0.8451512916151959,817
CS-high,21.4,0.8441155669931184,816
CS-high,21.466667,0.8430798423710409,815
CS-high,21.6,0.8430798423710409,814
CS-high,21.833333,0.8420428437949388,813
CS-high,21.866667,0.8410058452188366,812
CS-high,22.0,0.8399688466427345,811
CS-high,22.033333,0.8389318480666323,810
CS-high,22.133333,0.8378948494905302,809
CS-high,22.233333,0.8378948494905302,808
CS-high,22.333333,0.8358182823294632,807
CS-high,22.4,0.8337417151683961,805
CS-high,22.633333,0.8316651480073292,803
CS-high,22.8,0.8295885808462622,801
CS-high,22.933333,0.8275120136851952,799
CS-high,23.4,0.8264737301046617,797
CS-high,23.566667,0.8243971629435948,796
CS-high,23.766667,0.8243971629435948,794
CS-high,23.833333,0.8233575700521149,793
CS-high,23.9,0.8233575700521149,792
CS-high,24.066667,0.8223166628839074,791
CS-high,24.333333,0.8212757557156999,790
CS-high,24.366667,0.8191939413792849,789
CS-high,24.8,0.8181530342110774,787
CS-high,24.866667,0.81711212704287,786
CS-high,24.9,0.8160712198746625,785
CS-high,25.033333,0.8160712198746625,784
CS-high,25.066667,0.8150289833230984,783
CS-high,25.333333,0.8150289833230984,782
CS-high,25.4,0.8139854122817115,781
CS-high,25.566667,0.8129418412403246,780
CS-high,25.9,0.8118982701989379,779
CS-high,25.933333,0.8108546991575512,778
CS-high,25.966667,0.8108546991575512,777
CS-high,26.166667,0.8098097833081214,776
CS-high,26.2,0.8087648674586915,775
CS-high,26.266667,0.8077199516092616,774
CS-high,26.366667,0.8066750357598317,773
CS-high,26.5,0.8056301199104019,772
CS-high,26.566667,0.8045852040609721,771
CS-high,26.633333,0.8024953723621124,770
CS-high,26.8,0.8014504565126825,768
CS-high,26.833333,0.8004055406632528,767
CS-high,26.866667,0.799360624813823,766
CS-high,27.0,0.7983157089643932,765
CS-high,27.166667,0.7962258772655335,764
CS-high,27.433333,0.7951809614161036,762
CS-high,27.466667,0.7930911297172439,761
CS-high,28.0,0.7930911297172439,759
CS-high,28.033333,0.7920448353508623,758
CS-high,28.233333,0.7909985409844807,757
CS-high,28.333333,0.7899522466180992,756
CS-high,28.5,0.7889059522517176,755
CS-high,28.666667,0.787859657885336,754
CS-high,28.9,0.7868133635189544,753
CS-high,29.033333,0.7868133635189544,752
CS-high,29.066667,0.784717988383085,751
CS-high,29.1,0.7826226132472156,749
CS-high,29.133333,0.7805272381113462,747
CS-high,29.233333,0.7805272381113462,745
CS-high,29.3,0.7794781423611965,744
CS-high,29.666667,0.7784290466110468,743
CS-high,29.866667,0.7773799508608972,742
CS-high,29.9,0.7773799508608972,741
CS-high,30.066667,0.7763294374137879,740
CS-high,30.166667,0.7752789239666786,739
CS-high,30.233333,0.7742284105195694,738
CS-high,30.366667,0.7731778970724601,737
CS-high,30.6,0.7710768701782414,736
CS-high,31.166667,0.7700263567311322,734
CS-high,31.366667,0.7689744081563629,732
CS-high,31.5,0.7679224595815936,731
CS-high,31.866667,0.7668705110068242,730
CS-high,31.933333,0.7658185624320549,729
CS-high,32.166667,0.7647666138572856,728
CS-high,32.4,0.7637146652825163,727
CS-high,32.533333,0.762662716707747,726
CS-high,32.566667,0.7605588195582084,725
CS-high,32.633333,0.759506870983439,723
CS-high,32.733333,0.7584549224086697,722
CS-high,32.833333,0.7574029738339004,721
CS-high,32.866667,0.7574029738339004,720
CS-high,33.033333,0.7563495621873999,719
CS-high,33.2,0.7552961505408994,718
CS-high,33.266667,0.7542427388943989,717
CS-high,33.566667,0.7531893272478983,716
CS-high,33.733333,0.7521359156013978,715
CS-high,33.866667,0.7510825039548973,714
CS-high,33.9,0.7500290923083968,713
CS-high,33.966667,0.7489756806618961,712
CS-high,34.1,0.7489756806618961,711
CS-high,34.233333,0.7479207853370202,710
CS-high,34.5,0.7468658900121443,709
CS-high,34.566667,0.7468658900121443,708
CS-high,34.733333,0.745809502614673,707
CS-high,34.966667,0.7447531152172019,706
CS-high,35.366667,0.7447531152172019,705
CS-high,35.533333,0.7436952272694501,704
CS-high,35.566667,0.7426373393216985,703
CS-high,35.6,0.7426373393216985,702
CS-high,35.666667,0.7415779422613251,701
CS-high,36.2,0.7405185452009518,700
CS-high,36.566667,0.7405185452009518,699
CS-high,36.633333,0.739457630379747,698
CS-high,36.666667,0.7383967155585421,697
CS-high,37.066667,0.7373358007373374,696
CS-high,37.1,0.7362748859161325,695
CS-high,37.2,0.7352139710949277,694
CS-high,37.466667,0.7320312266313134,693
CS-high,37.566667,0.7309703118101085,690
CS-high,37.866667,0.7299093969889038,689
CS-high,38.0,0.7288484821676989,688
CS-high,38.033333,0.7288484821676989,687
CS-high,38.066667,0.7277860208234311,686
CS-high,38.166667,0.7267235594791633,685
CS-high,38.233333,0.7256610981348955,684
CS-high,38.333333,0.7245986367906277,683
CS-high,38.5,0.72353617544636,682
CS-high,38.566667,0.7224737141020922,681
CS-high,39.2,0.720345661925061,679
CS-high,39.433333,0.720345661925061,677
CS-high,39.7,0.7192800618334559,676
CS-high,39.833333,0.7182144617418508,675
CS-high,40.233333,0.7171488616502456,674
CS-high,40.533333,0.7160832615586404,673
CS-high,40.633333,0.7150176614670353,672
CS-high,40.733333,0.7139520613754302,671
CS-high,40.833333,0.7128864612838252,670
CS-high,40.966667,0.7118208611922201,669
CS-high,41.0,0.710755261100615,668
CS-high,41.033333,0.70968966100901,667
CS-high,41.1,0.7075584608257998,666
CS-high,41.166667,0.7075584608257998,664
CS-high,41.533333,0.7064896413985704,662
CS-high,41.633333,0.705420821971341,661
CS-high,41.833333,0.7043520025441118,660
CS-high,42.266667,0.7032831831168825,659
CS-high,42.366667,0.7022143636896532,658
CS-high,42.633333,0.7022143636896532,657
CS-high,42.766667,0.7011439149645166,656
CS-high,42.833333,0.7000734662393799,655
CS-high,43.1,0.7000734662393799,654
CS-high,43.166667,0.6990013782359505,653
CS-high,43.266667,0.6990013782359505,651
CS-high,43.3,0.6990013782359505,650
CS-high,43.866667,0.6990013782359505,649
CS-high,44.233333,0.6979226724053395,648
CS-high,44.8,0.6957652607441174,647
CS-high,45.033333,0.6957652607441174,645
CS-high,45.166667,0.6946848799044526,644
CS-high,45.266667,0.6936044990647878,643
CS-high,45.433333,0.692524118225123,642
CS-high,45.5,0.6914437373854583,641
CS-high,45.533333,0.6903633565457935,640
CS-high,45.633333,0.6892829757061287,639
CS-high,45.933333,0.688202594866464,638
CS-high,46.066667,0.6871222140267992,637
CS-high,46.633333,0.6860418331871344,636
CS-high,47.033333,0.6849614523474696,635
CS-high,47.233333,0.6838810715078049,634
CS-high,47.266667,0.6828006906681401,633
CS-high,47.3,0.6817203098284753,632
CS-high,47.666667,0.6806399289888105,631
CS-high,48.266667,0.6795595481491458,630
CS-high,48.6,0.6784774469578254,628
CS-high,48.766667,0.6773953457665051,627
CS-high,48.8,0.6773953457665051,626
CS-high,49.2,0.6763115132132786,625
CS-high,49.433333,0.6763115132132786,624
CS-high,49.566667,0.6763115132132786,623
CS-high,49.633333,0.6752241956679197,622
CS-high,49.733333,0.6752241956679197,621
CS-high,49.766667,0.6752241956679197,620
CS-high,51.466667,0.6752241956679197,619
CS-high,51.7,0.6752241956679197,618
CS-high,51.933333,0.674129829062299,617
CS-high,52.9,0.674129829062299,616
CS-high,53.566667,0.6730336829987831,615
CS-high,53.866667,0.6719375369352671,614
CS-high,54.133333,0.6708413908717512,613
CS-high,54.333333,0.6697452448082353,612
CS-high,54.733333,0.6686490987447193,611
CS-high,54.966667,0.6675529526812034,610
CS-high,55.366667,0.6675529526812034,609
CS-high,55.533333,0.6664550037458724,608
CS-high,56.0,0.6653570548105415,607
CS-high,56.266667,0.6642591058752106,606
CS-high,56.5,0.6631611569398798,605
CS-high,57.633333,0.6620632080045489,604
CS-high,57.933333,0.6620632080045489,603
CS-high,58.133333,0.6620632080045489,602
CS-high,58.3,0.6609616053290005,601
CS-high,58.433333,0.6609616053290005,600
CS-high,58.466667,0.6598581635838769,599
CS-high,58.6,0.6598581635838769,598
CS-high,59.066667,0.6598581635838769,597
CS-high,59.5,0.6587510190141054,596
CS-high,59.933333,0.6576438744443338,595
CS-high,60.133333,0.6576438744443338,594
CS-high,60.666667,0.6576438744443338,593
CS-high,61.3,0.656532989521286,592
CS-high,61.6,0.656532989521286,591
CS-high,62.533333,0.6554202217424364,590
CS-high,62.8,0.6554202217424364,589
CS-high,62.866667,0.6554202217424364,588
CS-high,63.033333,0.6554202217424364,587
CS-high,63.1,0.6543017572002138,586
CS-high,63.366667,0.6531832926579912,585
CS-high,63.5,0.6531832926579912,584
CS-high,63.533333,0.6531832926579912,583
CS-high,63.6,0.652060984595005,582
CS-high,63.8,0.6509386765320189,581
CS-high,63.966667,0.6509386765320189,580
CS-high,64.133333,0.649814430113138,579
CS-high,64.233333,0.649814430113138,578
CS-high,64.3,0.6486882352602557,577
CS-high,64.4,0.6475600818076291,575
CS-high,64.8,0.6464319283550026,574
CS-high,64.9,0.6453037749023761,573
CS-high,65.066667,0.6441756214497496,572
CS-high,65.233333,0.6441756214497496,571
CS-high,65.4,0.6441756214497496,570
CS-high,65.866667,0.6441756214497496,569
CS-high,66.833333,0.6441756214497496,568
CS-high,67.066667,0.6430395092426072,567
CS-high,67.433333,0.6419033970354648,566
CS-high,67.466667,0.6419033970354648,565
CS-high,67.666667,0.639627143854488,564
CS-high,67.7,0.6384890172639996,562
CS-high,68.2,0.6373508906735113,561
CS-high,68.7,0.6373508906735113,560
CS-high,68.833333,0.6362107280783886,559
CS-high,69.333333,0.6350705654832661,558
CS-high,70.033333,0.6339283522359941,556
CS-high,70.066667,0.6339283522359941,555
CS-high,70.233333,0.6339283522359941,554
CS-high,70.266667,0.6339283522359941,553
CS-high,70.433333,0.6316315103800666,552
CS-high,70.533333,0.6316315103800666,550
CS-high,70.733333,0.630480997610704,549
CS-high,71.133333,0.6293283815273206,547
CS-high,71.533333,0.6281757654439373,546
CS-high,72.066667,0.6270231493605539,545
CS-high,72.266667,0.6270231493605539,544
CS-high,72.466667,0.6270231493605539,543
CS-high,72.766667,0.625866280081291,542
CS-high,72.966667,0.6247094108020279,541
CS-high,73.133333,0.6235525415227648,540
CS-high,73.333333,0.6223956722435018,539
CS-high,73.7,0.6223956722435018,538
CS-high,73.933333,0.6212366486452829,537
CS-high,74.033333,0.6200776250470641,536
CS-high,74.066667,0.6189186014488453,535
CS-high,74.1,0.6189186014488453,534
CS-high,74.266667,0.6177574033222996,533
CS-high,74.433333,0.6154350070692082,532
CS-high,74.466667,0.6154350070692082,530
CS-high,74.866667,0.6142716138611378,529
CS-high,74.933333,0.6142716138611378,528
CS-high,74.966667,0.6131060130758226,527
CS-high,75.166667,0.6119404122905073,526
CS-high,75.3,0.6119404122905073,525
CS-high,75.4,0.6119404122905073,524
CS-high,75.433333,0.6107703541408123,523
CS-high,75.5,0.6107703541408123,522
CS-high,75.633333,0.6095980501981235,521
CS-high,75.7,0.6095980501981235,520
CS-high,76.633333,0.6084234874809787,519
CS-high,76.733333,0.6084234874809787,517
CS-high,77.4,0.6084234874809787,516
CS-high,77.5,0.6084234874809787,515
CS-high,78.166667,0.6084234874809787,514
CS-high,78.566667,0.6072374767841346,513
CS-high,78.766667,0.6072374767841346,512
CS-high,78.866667,0.6060491451270229,511
CS-high,79.133333,0.6060491451270229,509
CS-high,79.166667,0.6060491451270229,508
CS-high,79.933333,0.6048537819216442,507
CS-high,79.966667,0.6048537819216442,506
CS-high,80.233333,0.6048537819216442,505
CS-high,80.5,0.6048537819216442,504
CS-high,80.666667,0.6048537819216442,503
CS-high,81.0,0.6036488939098481,502
CS-high,81.033333,0.6036488939098481,501
CS-high,81.5,0.6036488939098481,500
CS-high,82.633333,0.6036488939098481,499
CS-high,83.366667,0.6036488939098481,498
CS-high,83.666667,0.6036488939098481,497
CS-high,84.433333,0.602431859849546,496
CS-high,84.733333,0.602431859849546,495
CS-high,85.366667,0.602431859849546,494
CS-high,85.5,0.602431859849546,493
CS-high,85.733333,0.6012074048498517,492
CS-high,86.233333,0.5999829498501574,491
CS-high,86.4,0.5987559908525089,489
CS-high,86.566667,0.5975290318548603,488
CS-high,86.8,0.5975290318548603,487
CS-high,87.133333,0.5962995482502206,486
CS-high,87.233333,0.595070064645581,485
CS-high,87.466667,0.595070064645581,484
CS-high,87.833333,0.595070064645581,483
CS-high,88.333333,0.595070064645581,482
CS-high,88.466667,0.595070064645581,481
CS-high,88.5,0.595070064645581,480
CS-high,88.833333,0.595070064645581,479
CS-high,89.033333,0.595070064645581,478
CS-high,89.366667,0.5938225383046049,477
CS-high,89.633333,0.5925750119636288,476
CS-high,89.766667,0.5913274856226528,475
CS-high,89.8,0.5913274856226528,474
CS-high,89.9,0.5900773218052687,473
CS-high,90.566667,0.5900773218052687,472
CS-high,91.0,0.5900773218052687,471
CS-high,91.1,0.5900773218052687,470
CS-high,91.2,0.5888191612044046,469
CS-high,92.233333,0.5875610006035404,468
CS-high,92.4,0.5875610006035404,467
CS-high,93.0,0.5863001400872238,466
CS-high,93.5,0.5863001400872238,464
CS-high,93.666667,0.5850338330891952,463
CS-high,94.233333,0.5850338330891952,462
CS-high,95.533333,0.5837647792213227,461
CS-high,96.766667,0.5837647792213227,460
CS-high,96.966667,0.5837647792213227,459
CS-high,97.266667,0.5837647792213227,458
CS-high,97.3,0.582487394584077,457
CS-high,97.4,0.582487394584077,456
CS-high,97.833333,0.582487394584077,455
CS-high,98.1,0.582487394584077,454
CS-high,98.266667,0.582487394584077,453
CS-high,98.366667,0.581198705658006,452
CS-high,98.466667,0.581198705658006,451
CS-high,98.566667,0.581198705658006,450
CS-high,98.9,0.5799042764694582,449
CS-high,99.0,0.5799042764694582,448
CS-high,99.033333,0.5786069514661708,447
CS-high,99.333333,0.5786069514661708,446
CS-high,99.366667,0.5786069514661708,445
CS-high,100.2,0.5773008409662472,443
CS-high,100.633333,0.5759947304663235,442
CS-high,100.833333,0.5759947304663235,441
CS-high,101.066667,0.5759947304663235,440
CS-high,101.266667,0.5759947304663235,439
CS-high,102.0,0.5733646175418198,438
CS-high,102.033333,0.5733646175418198,436
CS-high,102.066667,0.5733646175418198,435
CS-high,102.1,0.5733646175418198,433
CS-high,102.133333,0.5720373846308434,432
CS-high,102.5,0.570710151719867,431
CS-high,102.633333,0.570710151719867,430
CS-high,102.7,0.570710151719867,429
CS-high,102.966667,0.5693767167859421,428
CS-high,103.8,0.5693767167859421,427
CS-high,104.033333,0.5680401517230643,426
CS-high,104.133333,0.5667004343840948,424
CS-high,104.266667,0.5653607170451252,423
CS-high,104.466667,0.5640209997061558,422
CS-high,105.0,0.5640209997061558,421
CS-high,105.2,0.5640209997061558,420
CS-high,105.466667,0.5640209997061558,419
CS-high,106.133333,0.5640209997061558,418
CS-high,107.066667,0.5640209997061558,417
CS-high,107.133333,0.5626651799953237,416
CS-high,107.4,0.5613093602844916,415
CS-high,108.066667,0.5613093602844916,414
CS-high,108.433333,0.5613093602844916,413
CS-high,108.466667,0.5613093602844916,412
CS-high,108.6,0.5613093602844916,411
CS-high,109.0,0.5613093602844916,410
CS-high,109.233333,0.5613093602844916,409
CS-high,109.766667,0.5613093602844916,408
CS-high,110.466667,0.5613093602844916,407
CS-high,110.633333,0.5613093602844916,406
CS-high,110.866667,0.5613093602844916,405
CS-high,110.966667,0.5613093602844916,404
CS-high,111.2,0.5613093602844916,403
CS-high,111.533333,0.5599130683434854,402
CS-high,111.633333,0.5599130683434854,401
CS-high,111.833333,0.5599130683434854,400
CS-high,112.133333,0.5599130683434854,399
CS-high,112.4,0.5599130683434854,398
CS-high,112.466667,0.5584991464537291,396
CS-high,112.566667,0.5570852245639728,395
CS-high,112.633333,0.5570852245639728,394
CS-high,112.933333,0.5570852245639728,393
CS-high,113.366667,0.5570852245639728,392
CS-high,113.433333,0.5556604541686685,391
CS-high,113.866667,0.5542356837733642,390
CS-high,114.333333,0.5542356837733642,389
CS-high,114.466667,0.5528072412894122,388
CS-high,114.6,0.5528072412894122,386
CS-high,114.766667,0.5528072412894122,385
CS-high,115.3,0.5528072412894122,384
CS-high,116.1,0.5528072412894122,383
CS-high,116.466667,0.5528072412894122,382
CS-high,116.533333,0.5528072412894122,381
CS-high,116.566667,0.5513524853912821,380
CS-high,116.633333,0.5513524853912821,379
CS-high,117.2,0.549893880932575,378
CS-high,117.533333,0.549893880932575,377
CS-high,117.6,0.549893880932575,376
CS-high,117.666667,0.549893880932575,375
CS-high,118.2,0.549893880932575,374
CS-high,118.9,0.549893880932575,373
CS-high,119.333333,0.549893880932575,372
CS-high,119.466667,0.549893880932575,370
CS-high,120.366667,0.5484036536129745,369
CS-high,120.433333,0.5484036536129745,368
CS-high,120.7,0.5469093657284705,367
CS-high,122.0,0.5454150778439665,366
CS-high,122.2,0.5454150778439665,365
CS-high,122.266667,0.5454150778439665,363
CS-high,122.4,0.5454150778439665,362
CS-high,122.766667,0.5454150778439665,361
CS-high,122.8,0.5439000359610666,360
CS-high,122.833333,0.5439000359610666,359
CS-high,123.0,0.5439000359610666,358
CS-high,123.266667,0.5439000359610666,357
CS-high,123.333333,0.5439000359610666,356
CS-high,123.533333,0.5439000359610666,355
CS-high,123.966667,0.5423592426580608,353
CS-high,124.133333,0.5423592426580608,352
CS-high,124.8,0.5423592426580608,351
CS-high,125.533333,0.5408096448218949,350
CS-high,125.566667,0.5392600469857289,349
CS-high,125.6,0.537710449149563,348
CS-high,125.7,0.537710449149563,347
CS-high,125.8,0.537710449149563,346
CS-high,125.866667,0.537710449149563,345
CS-high,126.833333,0.5361473373787794,344
CS-high,126.866667,0.5361473373787794,343
CS-high,128.0,0.534579655105742,342
CS-high,128.1,0.534579655105742,341
CS-high,128.366667,0.534579655105742,340
CS-high,128.4,0.534579655105742,338
CS-high,128.666667,0.5329886442274511,336
CS-high,128.966667,0.5329886442274511,335
CS-high,129.233333,0.5329886442274511,334
CS-high,129.333333,0.5329886442274511,333
CS-high,130.2,0.5329886442274511,332
CS-high,130.7,0.5329886442274511,331
CS-high,130.866667,0.5313735271237315,330
CS-high,131.066667,0.5313735271237315,329
CS-high,131.133333,0.5313735271237315,328
CS-high,131.266667,0.5313735271237315,327
CS-high,131.6,0.5297435469791802,326
CS-high,131.666667,0.5297435469791802,325
CS-high,131.966667,0.5281085360317136,324
CS-high,132.566667,0.5264735250842469,323
CS-high,132.766667,0.5264735250842469,322
CS-high,132.9,0.5248282953183586,320
CS-high,133.633333,0.5231830655524703,319
CS-high,133.733333,0.5231830655524703,318
CS-high,134.733333,0.5231830655524703,317
CS-high,135.166667,0.5231830655524703,316
CS-high,135.333333,0.5231830655524703,315
CS-high,136.166667,0.5231830655524703,313
CS-high,136.233333,0.5231830655524703,311
CS-high,137.633333,0.5214953782442365,310
CS-high,137.8,0.5214953782442365,309
CS-high,137.933333,0.5214953782442365,308
CS-high,138.333333,0.5214953782442365,307
CS-high,138.4,0.5197911449820005,306
CS-high,139.3,0.5197911449820005,305
CS-high,139.433333,0.5197911449820005,304
CS-high,139.633333,0.5180756626553272,303
CS-high,140.233333,0.5180756626553272,302
CS-high,140.333333,0.5180756626553272,301
CS-high,140.566667,0.5180756626553272,300
CS-high,140.6,0.5180756626553272,299
CS-high,140.766667,0.5180756626553272,298
CS-high,140.866667,0.5180756626553272,297
CS-high,141.166667,0.5180756626553272,296
CS-high,141.5,0.5163194739683601,295
CS-high,141.733333,0.5163194739683601,294
CS-high,142.433333,0.5163194739683601,293
CS-high,142.466667,0.5163194739683601,292
CS-high,143.166667,0.5163194739683601,291
CS-high,143.9,0.5145390619891589,290
CS-high,144.433333,0.5145390619891589,289
CS-high,144.633333,0.5145390619891589,288
CS-high,144.766667,0.5145390619891589,287
CS-high,144.933333,0.5145390619891589,286
CS-high,145.5,0.5145390619891589,284
CS-high,145.633333,0.5145390619891589,283
CS-high,146.066667,0.5145390619891589,282
CS-high,146.366667,0.5145390619891589,281
CS-high,146.733333,0.5145390619891589,280
CS-high,146.9,0.5145390619891589,279
CS-high,147.166667,0.5145390619891589,278
CS-high,147.366667,0.5145390619891589,277
CS-high,148.066667,0.5145390619891589,276
CS-high,148.566667,0.5145390619891589,275
CS-high,148.866667,0.5126611822008773,274
CS-high,149.766667,0.5126611822008773,273
CS-high,149.866667,0.5126611822008773,271
CS-high,150.1,0.5126611822008773,269
CS-high,150.733333,0.5126611822008773,268
CS-high,151.066667,0.5126611822008773,267
CS-high,151.166667,0.5126611822008773,266
CS-high,151.2,0.5107266117020061,265
CS-high,151.9,0.5107266117020061,263
CS-high,152.066667,0.5107266117020061,262
CS-high,153.533333,0.5107266117020061,261
CS-high,153.833333,0.5107266117020061,260
CS-high,153.966667,0.5107266117020061,259
CS-high,154.5,0.5107266117020061,258
CS-high,154.766667,0.5107266117020061,257
CS-high,155.733333,0.5107266117020061,256
CS-high,156.466667,0.5087237622443511,255
CS-high,157.433333,0.5087237622443511,254
CS-high,158.033333,0.5087237622443511,253
CS-high,158.633333,0.5087237622443511,252
CS-high,159.066667,0.5087237622443511,251
CS-high,159.733333,0.5087237622443511,250
CS-high,160.0,0.5087237622443511,249
CS-high,160.4,0.5087237622443511,248
CS-high,162.366667,0.5066641518708922,247
CS-high,163.2,0.5066641518708922,246
CS-high,163.4,0.5066641518708922,245
CS-high,163.433333,0.5066641518708922,244
CS-high,163.533333,0.5066641518708922,243
CS-high,163.766667,0.5045704983507645,242
CS-high,164.133333,0.5024768448306368,241
CS-high,164.733333,0.5024768448306368,240
CS-high,165.4,0.5024768448306368,239
CS-high,165.433333,0.5024768448306368,238
CS-high,165.666667,0.5024768448306368,237
CS-high,166.033333,0.5024768448306368,236
CS-high,166.666667,0.5024768448306368,235
CS-high,167.433333,0.5024768448306368,234
CS-high,167.5,0.5024768448306368,233
CS-high,168.2,0.5024768448306368,232
CS-high,168.3,0.5024768448306368,231
CS-high,168.533333,0.5024768448306368,230
CS-high,168.6,0.5024768448306368,229
CS-high,169.0,0.5002729990199761,228
CS-high,169.233333,0.49806915320931544,227
CS-high,169.666667,0.49806915320931544,226
CS-high,170.0,0.4958555125283851,225
CS-high,170.266667,0.4958555125283851,224
CS-high,173.833333,0.4958555125283851,223
CS-high,173.933333,0.49362192913861763,222
CS-high,174.133333,0.49362192913861763,221
CS-high,174.266667,0.49362192913861763,220
CS-high,175.1,0.49362192913861763,219
CS-high,175.166667,0.49362192913861763,218
CS-high,175.633333,0.49362192913861763,217
CS-high,176.1,0.49362192913861763,216
CS-high,176.266667,0.49362192913861763,215
CS-high,176.366667,0.4913152846099325,214
CS-high,176.7,0.4913152846099325,213
CS-high,177.266667,0.4913152846099325,212
CS-high,177.533333,0.4913152846099325,211
CS-high,177.633333,0.4913152846099325,210
CS-high,178.4,0.4913152846099325,209
CS-high,178.633333,0.4913152846099325,208
CS-high,178.733333,0.4913152846099325,207
CS-high,179.1,0.4913152846099325,206
CS-high,179.433333,0.4913152846099325,205
CS-high,180.566667,0.4913152846099325,204
CS-high,180.633333,0.4913152846099325,203
CS-high,180.733333,0.4913152846099325,202
CS-high,180.833333,0.4913152846099325,201
CS-high,181.866667,0.4913152846099325,200
CS-high,182.233333,0.4913152846099325,199
CS-high,182.266667,0.4913152846099325,198
CS-high,182.333333,0.4888212983936384,197
CS-high,182.6,0.4888212983936384,196
CS-high,182.833333,0.4888212983936384,195
CS-high,182.9,0.4888212983936384,194
CS-high,183.433333,0.4888212983936384,193
CS-high,183.966667,0.4888212983936384,192
CS-high,184.266667,0.4888212983936384,191
CS-high,184.333333,0.4888212983936384,190
CS-high,184.4,0.4888212983936384,189
CS-high,184.766667,0.4888212983936384,188
CS-high,184.8,0.4888212983936384,187
CS-high,185.4,0.4861932268968984,186
CS-high,185.933333,0.4861932268968984,185
CS-high,186.366667,0.4861932268968984,184
CS-high,186.533333,0.4835364333072979,183
CS-high,186.6,0.4835364333072979,182
CS-high,187.033333,0.4835364333072979,181
CS-high,187.3,0.4835364333072979,179
CS-high,187.7,0.4835364333072979,178
CS-high,188.133333,0.4835364333072979,177
CS-high,188.366667,0.4835364333072979,176
CS-high,189.733333,0.4835364333072979,175
CS-high,189.966667,0.4807574882882904,174
CS-high,190.2,0.4807574882882904,173
CS-high,191.1,0.4807574882882904,172
CS-high,191.466667,0.4807574882882904,171
CS-high,191.8,0.4807574882882904,170
CS-high,192.2,0.4807574882882904,169
CS-high,193.133333,0.4807574882882904,168
CS-high,193.166667,0.4807574882882904,167
CS-high,193.6,0.4807574882882904,166
CS-high,193.9,0.4807574882882904,165
CS-high,194.0,0.4807574882882904,164
CS-high,194.1,0.4807574882882904,163
CS-high,194.2,0.4807574882882904,162
CS-high,194.3,0.4807574882882904,161
CS-high,194.4,0.4807574882882904,160
CS-high,194.566667,0.4807574882882904,159
CS-high,194.7,0.4807574882882904,158
CS-high,194.866667,0.4776953386813586,157
CS-high,195.3,0.4776953386813586,156
CS-high,195.533333,0.4776953386813586,155
CS-high,195.7,0.4776953386813586,154
CS-high,195.8,0.4776953386813586,153
CS-high,195.933333,0.4776953386813586,152
CS-high,196.633333,0.4776953386813586,151
CS-high,196.866667,0.47451070309014953,150
CS-high,198.133333,0.47451070309014953,149
CS-high,198.3,0.47451070309014953,148
CS-high,199.0,0.4712827391235499,147
CS-high,199.1,0.4712827391235499,146
CS-high,199.266667,0.4712827391235499,145
CS-high,200.1,0.4712827391235499,144
CS-high,200.333333,0.4712827391235499,143
CS-high,200.433333,0.4712827391235499,141
CS-high,200.6,0.4712827391235499,140
CS-high,200.766667,0.4712827391235499,138
CS-high,201.833333,0.46784271912994735,137
CS-high,201.9,0.46784271912994735,136
CS-high,202.1,0.46784271912994735,135
CS-high,203.266667,0.46784271912994735,134
CS-high,204.2,0.46432510470039884,133
CS-high,204.233333,0.46432510470039884,132
CS-high,204.4,0.46432510470039884,131
CS-high,205.033333,0.46432510470039884,130
CS-high,205.9,0.46432510470039884,129
CS-high,206.566667,0.46432510470039884,128
CS-high,207.166667,0.46432510470039884,127
CS-high,208.2,0.46432510470039884,126
CS-high,208.4,0.46432510470039884,125
CS-high,208.8,0.46432510470039884,124
CS-high,209.033333,0.46432510470039884,123
CS-high,209.266667,0.46432510470039884,122
CS-high,211.133333,0.46048770714089143,121
CS-high,211.2,0.46048770714089143,120
CS-high,211.533333,0.46048770714089143,119
CS-high,211.966667,0.46048770714089143,118
CS-high,212.2,0.46048770714089143,117
CS-high,212.366667,0.46048770714089143,116
CS-high,213.033333,0.46048770714089143,115
CS-high,213.2,0.4564483412887783,114
CS-high,213.366667,0.4564483412887783,113
CS-high,213.9,0.4564483412887783,112
CS-high,214.7,0.4564483412887783,111
CS-high,215.166667,0.4564483412887783,110
CS-high,216.733333,0.4564483412887783,109
CS-high,216.966667,0.4564483412887783,108
CS-high,217.566667,0.4564483412887783,107
CS-high,217.766667,0.4564483412887783,106
CS-high,218.233333,0.4564483412887783,105
CS-high,219.766667,0.4564483412887783,104
CS-high,220.033333,0.4564483412887783,103
CS-high,221.2,0.4564483412887783,102
CS-high,221.233333,0.4564483412887783,100
CS-high,221.933333,0.4564483412887783,99
CS-high,223.3,0.4564483412887783,98
CS-high,223.833333,0.4517426882858012,97
CS-high,224.3,0.4517426882858012,96
CS-high,224.433333,0.4517426882858012,95
CS-high,224.6,0.4517426882858012,94
CS-high,225.166667,0.4517426882858012,93
CS-high,225.5,0.4517426882858012,92
CS-high,226.066667,0.4517426882858012,90
CS-high,226.7,0.4517426882858012,88
CS-high,226.733333,0.4517426882858012,87
CS-high,227.933333,0.4517426882858012,86
CS-high,228.6,0.4517426882858012,85
CS-high,228.8,0.4517426882858012,84
CS-high,228.9,0.4517426882858012,83
CS-high,229.333333,0.4517426882858012,82
CS-high,229.833333,0.4517426882858012,81
CS-high,229.9,0.4517426882858012,80
CS-high,230.466667,0.4517426882858012,79
CS-high,230.5,0.4517426882858012,78
CS-high,232.4,0.4517426882858012,77
CS-high,234.133333,0.4517426882858012,76
CS-high,235.4,0.4517426882858012,75
CS-high,235.566667,0.4517426882858012,74
CS-high,235.666667,0.4517426882858012,73
CS-high,236.033333,0.4517426882858012,72
CS-high,236.066667,0.4517426882858012,71
CS-high,236.7,0.4517426882858012,70
CS-high,237.266667,0.4517426882858012,69
CS-high,239.3,0.4517426882858012,67
CS-high,239.333333,0.4517426882858012,66
CS-high,240.2,0.4517426882858012,65
CS-high,240.7,0.4517426882858012,64
CS-high,241.266667,0.4517426882858012,63
CS-high,241.4,0.4517426882858012,62
CS-high,242.566667,0.4517426882858012,61
CS-high,243.166667,0.4517426882858012,60
CS-high,243.766667,0.4517426882858012,59
CS-high,244.2,0.4517426882858012,58
CS-high,244.433333,0.4517426882858012,57
CS-high,245.5,0.4517426882858012,56
CS-high,247.366667,0.4517426882858012,55
CS-high,247.833333,0.4517426882858012,54
CS-high,248.766667,0.4517426882858012,53
CS-high,249.533333,0.4517426882858012,52
CS-high,250.666667,0.4517426882858012,51
CS-high,250.8,0.4517426882858012,50
CS-high,252.966667,0.4517426882858012,49
CS-high,254.5,0.4517426882858012,48
CS-high,254.933333,0.4517426882858012,47
CS-high,254.966667,0.4517426882858012,46
CS-high,255.266667,0.4517426882858012,45
CS-high,255.3,0.4517426882858012,44
CS-high,255.366667,0.4517426882858012,43
CS-high,255.6,0.4517426882858012,42
CS-high,256.0,0.4517426882858012,41
CS-high,256.866667,0.4404491210786562,40
CS-high,257.666667,0.4404491210786562,39
CS-high,257.766667,0.4404491210786562,38
CS-high,258.166667,0.4404491210786562,37
CS-high,258.866667,0.4404491210786562,36
CS-high,259.533333,0.4404491210786562,35
CS-high,259.766667,0.4404491210786562,34
CS-high,260.033333,0.4404491210786562,33
CS-high,260.2,0.4404491210786562,32
CS-high,261.2,0.4404491210786562,31
CS-high,262.0,0.4404491210786562,30
CS-high,262.133333,0.4404491210786562,29
CS-high,262.633333,0.4404491210786562,28
CS-high,263.233333,0.4404491210786562,27
CS-high,263.6,0.4404491210786562,26
CS-high,264.233333,0.4404491210786562,25
CS-high,264.766667,0.4404491210786562,24
CS-high,267.4,0.4404491210786562,23
CS-high,268.433333,0.4404491210786562,21
CS-high,271.333333,0.4404491210786562,20
CS-high,274.033333,0.4404491210786562,19
CS-high,274.2,0.4404491210786562,18
CS-high,274.4,0.4404491210786562,17
CS-high,274.5,0.4404491210786562,16
CS-high,278.266667,0.4404491210786562,15
CS-high,278.466667,0.4404491210786562,14
CS-high,282.3,0.4404491210786562,13
CS-high,282.366667,0.4404491210786562,12
CS-high,282.833333,0.4404491210786562,11
CS-high,285.7,0.3964042089707906,10
CS-high,286.066667,0.3964042089707906,9
CS-high,287.933333,0.3964042089707906,8
CS-high,292.033333,0.3964042089707906,7
CS-high,292.666667,0.3964042089707906,6
CS-high,294.766667,0.3171233671766325,5
CS-high,300.866667,0.3171233671766325,4
CS-high,307.933333,0.3171233671766325,3
CS-high,322.833333,0.3171233671766325,2
CS-high,351.0,0.3171233671766325,1
