gene,degree,betweenness,clustering,eigenvector_centrality,community,degree_rank,betweenness_rank,eigenvector_centrality_rank,control_score
CCNA2,21,0.03546478755415663,0.4857142857142857,0.056448113781900476,0,0.9747474747474747,0.9191919191919192,0.9696969696969697,0.9545454545454546
CCNE1,22,0.0556459631078496,0.37662337662337664,0.03742397289097221,0,1.0,0.9696969696969697,0.8686868686868687,0.946127946127946
CCNB2,21,0.024933126727578303,0.5666666666666667,0.0633374145731216,0,0.9747474747474747,0.8484848484848485,1.0,0.9410774410774411
CDC20,21,0.02504051617491497,0.5380952380952381,0.05720163534373571,0,0.9747474747474747,0.8585858585858586,0.9797979797979798,0.9377104377104377
ESR1,21,0.10319355321555755,0.20476190476190476,0.01618225917703801,1,0.9747474747474747,1.0,0.7878787878787878,0.9208754208754208
MCM6,18,0.03039625508773051,0.5490196078431373,0.04160561297419208,0,0.9292929292929293,0.9090909090909091,0.9191919191919192,0.9191919191919191
BUB1,20,0.018932031893610778,0.531578947368421,0.060381371699799985,0,0.9494949494949495,0.7575757575757576,0.98989898989899,0.8989898989898991
BCL2,15,0.08080695821635313,0.2571428571428571,0.010721445350220606,1,0.8838383838383839,0.98989898989899,0.7777777777777778,0.8838383838383838
CDK1,14,0.028329595879169944,0.46153846153846156,0.0396906030771279,0,0.8535353535353535,0.8787878787878788,0.898989898989899,0.8771043771043772
CDC25B,14,0.04243539003631683,0.5164835164835165,0.021873962568516644,0,0.8535353535353535,0.9393939393939394,0.797979797979798,0.8636363636363636
PLK1,19,0.016906101505026843,0.5847953216374269,0.04151774618716061,0,0.9393939393939394,0.7373737373737373,0.9090909090909091,0.861952861952862
MCM5,13,0.03551729229092394,0.5128205128205128,0.02835695929729782,0,0.8181818181818182,0.9292929292929293,0.8181818181818182,0.8552188552188552
AURKA,17,0.007970841561774512,0.6102941176470589,0.052762017750948166,0,0.9141414141414141,0.6666666666666666,0.9595959595959596,0.8468013468013469
CCNB1,12,0.026592574951285444,0.5606060606060606,0.029579283785021584,0,0.7878787878787878,0.8686868686868687,0.8383838383838383,0.8316498316498316
MCM2,16,0.004333173780391412,0.6333333333333333,0.04937512174657156,0,0.898989898989899,0.5959595959595959,0.9494949494949495,0.8148148148148148
CDC25A,17,0.003015967826215961,0.7205882352941176,0.04297002016332074,0,0.9141414141414141,0.5757575757575758,0.9393939393939394,0.8097643097643098
NRAS,9,0.05142705829418873,0.3055555555555556,0.006896500317243504,1,0.7070707070707071,0.9494949494949495,0.7474747474747475,0.8013468013468014
MKI67,15,0.0029152283564197086,0.7238095238095238,0.037750953264602975,0,0.8838383838383839,0.5656565656565656,0.8787878787878788,0.7760942760942761
TOP2A,14,0.0025924459357506992,0.6373626373626373,0.042503689076378734,0,0.8535353535353535,0.5454545454545454,0.9292929292929293,0.776094276094276
CXCR4,12,0.05337630535889112,0.3181818181818182,0.0004292345565359105,2,0.7878787878787878,0.9595959595959596,0.494949494949495,0.7474747474747474
CDC25C,13,0.0018818300257788842,0.7307692307692307,0.03938934567794726,0,0.8181818181818182,0.5252525252525253,0.8888888888888888,0.744107744107744
CXCL8,10,0.02851691833299398,0.28888888888888886,0.0024426390785880097,1,0.7424242424242424,0.8888888888888888,0.5858585858585859,0.7390572390572391
ERBB3,11,0.021217407472724884,0.34545454545454546,0.003622015148625754,1,0.7626262626262627,0.797979797979798,0.6363636363636364,0.7323232323232323
MCM4,14,0.0009492510235156724,0.7472527472527473,0.03530269228085618,0,0.8535353535353535,0.46464646464646464,0.8585858585858586,0.7255892255892255
MAP2K2,8,0.06375873504470389,0.14285714285714285,0.0006416579091023965,2,0.6616161616161617,0.9797979797979798,0.5252525252525253,0.7222222222222223
MAPK1,9,0.0203967606337986,0.3611111111111111,0.004428091981357575,1,0.7070707070707071,0.7878787878787878,0.6666666666666666,0.7205387205387205
MCM7,13,0.0012567072524316406,0.7948717948717948,0.03383457219601195,0,0.8181818181818182,0.47474747474747475,0.8484848484848485,0.7138047138047138
HIF1A,9,0.028526581723616495,0.4444444444444444,0.0006953926159804889,1,0.7070707070707071,0.898989898989899,0.5353535353535354,0.7138047138047138
MCM3,11,0.0014836601425950986,0.7090909090909091,0.02944771019138498,0,0.7626262626262627,0.5050505050505051,0.8282828282828283,0.6986531986531986
AR,7,0.023862180382451612,0.2857142857142857,0.0037091642193809397,1,0.6212121212121212,0.8181818181818182,0.6464646464646465,0.6952861952861954
MAP2K1,10,0.024528219879996295,0.35555555555555557,0.00040571681009230533,2,0.7424242424242424,0.8282828282828283,0.48484848484848486,0.6851851851851851
CENPI,12,0.0005680790018236337,0.8333333333333334,0.026172927468627753,0,0.7878787878787878,0.4444444444444444,0.8080808080808081,0.68013468013468
RARA,8,0.018435109795627912,0.39285714285714285,0.0035520856388161675,1,0.6616161616161617,0.7474747474747475,0.6262626262626263,0.6784511784511785
CCND1,9,0.008112092898524503,0.4444444444444444,0.003513312393439723,1,0.7070707070707071,0.6767676767676768,0.6161616161616161,0.6666666666666666
RPS6KA3,9,0.024886889494928906,0.3888888888888889,0.0002954605203380809,2,0.7070707070707071,0.8383838383838383,0.4444444444444444,0.6632996632996633
IGF1R,8,0.002771329772612356,0.5714285714285714,0.00643804296411673,1,0.6616161616161617,0.5555555555555556,0.7272727272727273,0.6481481481481481
TFF1,7,0.005006947039891171,0.47619047619047616,0.005332637743723701,1,0.6212121212121212,0.6161616161616161,0.696969696969697,0.6447811447811448
JAK1,8,0.021321938738905727,0.4642857142857143,0.00021702539763851568,2,0.6616161616161617,0.8080808080808081,0.42424242424242425,0.6313131313131314
STAT1,6,0.002241396359371228,0.6,0.009105603808006192,0,0.5757575757575758,0.5353535353535354,0.7676767676767676,0.6262626262626263
TUBB3,6,0.013917279143457363,0.5333333333333333,0.0015941988735312228,1,0.5757575757575758,0.7070707070707071,0.5656565656565656,0.6161616161616162
STAT5B,3,0.015569114243635598,0.3333333333333333,0.0039978852383364015,3,0.43434343434343436,0.7222222222222222,0.6565656565656566,0.6043771043771043
RXRA,5,0.01055576678166,0.5,0.003224310786071192,1,0.5202020202020202,0.6868686868686869,0.6060606060606061,0.6043771043771043
CDH3,6,0.000883902898420045,0.6666666666666666,0.007036294610278053,1,0.5757575757575758,0.45454545454545453,0.7575757575757576,0.5959595959595959
MYC,7,0.02007237625268343,0.23809523809523808,9.999210161133423e-05,2,0.6212121212121212,0.7777777777777778,0.3838383838383838,0.5942760942760943
CASP3,5,0.001418574916832528,0.7,0.006590586089531718,0,0.5202020202020202,0.494949494949495,0.7373737373737373,0.5841750841750842
PIK3R1,7,6.151363189023613e-05,0.8571428571428571,0.00627350283735414,0,0.6212121212121212,0.41414141414141414,0.7171717171717171,0.5841750841750842
EGFR,5,0.0014902716564824709,0.6,0.004634719210343894,1,0.5202020202020202,0.5151515151515151,0.6767676767676768,0.5707070707070708
CASP8,5,0.019012728043866264,0.4,0.00014479511439488983,2,0.5202020202020202,0.7676767676767676,0.40404040404040403,0.5639730639730639
HBEGF,6,0.005796644588732232,0.3333333333333333,0.00022148465698791878,2,0.5757575757575758,0.6262626262626263,0.43434343434343436,0.5454545454545454
PTEN,4,0.00035114381842763924,0.8333333333333334,0.005920007939897803,0,0.47474747474747475,0.42424242424242425,0.7070707070707071,0.5353535353535354
AKT1,4,0.007362959015646853,0.3333333333333333,0.00010696361573910795,2,0.47474747474747475,0.6565656565656566,0.3939393939393939,0.5084175084175083
VEGFC,5,0.00604472325072403,0.3,4.220075174868363e-05,2,0.5202020202020202,0.6464646464646465,0.3434343434343434,0.5033670033670034
FGFR4,2,0.015569114243635598,0.0,0.00019292653497469912,1,0.36363636363636365,0.7222222222222222,0.41414141414141414,0.5
STAT3,2,0.006008016463397569,0.0,0.0003912593332510062,2,0.36363636363636365,0.6363636363636364,0.47474747474747475,0.49158249158249157
CCND2,4,0.012787054840680417,0.3333333333333333,1.2820512021963703e-05,2,0.47474747474747475,0.696969696969697,0.2828282828282828,0.48484848484848486
HIF1AN,6,0.0013012305038393823,0.8,4.999712218111076e-05,2,0.5757575757575758,0.48484848484848486,0.35353535353535354,0.4713804713804714
RPS6KA2,5,0.0,1.0,0.0049241528394564785,0,0.5202020202020202,0.20707070707070707,0.6868686868686869,0.4713804713804714
FN1,3,0.003924256637713154,0.0,3.81252445265749e-05,2,0.43434343434343436,0.5858585858585859,0.32323232323232326,0.4478114478114479
ATM,3,0.004549311133388063,0.3333333333333333,9.426666121917822e-06,2,0.43434343434343436,0.6060606060606061,0.2727272727272727,0.4377104377104377
PGR,3,0.0,1.0,0.0027326281937760767,1,0.43434343434343436,0.20707070707070707,0.5959595959595959,0.41245791245791247
CDH2,2,0.0005577955978983791,0.0,6.99952767254762e-05,2,0.36363636363636365,0.43434343434343436,0.37373737373737376,0.39057239057239057
RASA1,2,0.0,1.0,0.001825103399413373,0,0.36363636363636365,0.20707070707070707,0.5757575757575758,0.3821548821548822
FGFR3,3,0.0,1.0,0.0005405774635241684,1,0.43434343434343436,0.20707070707070707,0.5050505050505051,0.3821548821548822
MAPK3,2,0.0,1.0,0.0011656960644072052,1,0.36363636363636365,0.20707070707070707,0.5555555555555556,0.37542087542087543
PIK3CA,1,0.0,0.0,0.001153627363957991,0,0.2777777777777778,0.20707070707070707,0.5454545454545454,0.3434343434343434
IGFBP2,1,0.0,0.0,0.0006087615290175349,1,0.2777777777777778,0.20707070707070707,0.5151515151515151,0.3333333333333333
STAT5A,1,0.0,0.0,0.0003716339419893928,3,0.2777777777777778,0.20707070707070707,0.46464646464646464,0.3164983164983165
RARB,1,0.0,0.0,0.00030045710235412915,1,0.2777777777777778,0.20707070707070707,0.45454545454545453,0.31313131313131315
RPS6KA1,2,0.0,1.0,5.938709819450512e-05,2,0.36363636363636365,0.20707070707070707,0.36363636363636365,0.3114478114478115
MTOR,2,0.0,1.0,3.8420419953748596e-05,2,0.36363636363636365,0.20707070707070707,0.3333333333333333,0.3013468013468013
PIK3R2,2,0.0,1.0,1.9460069639089176e-05,2,0.36363636363636365,0.20707070707070707,0.30303030303030304,0.29124579124579125
JAK2,2,0.0,1.0,1.7315439358046966e-06,2,0.36363636363636365,0.20707070707070707,0.24242424242424243,0.27104377104377103
IGFBP3,1,0.0,0.0,2.616698459019508e-05,1,0.2777777777777778,0.20707070707070707,0.31313131313131315,0.265993265993266
ERBB2,1,0.0,0.0,1.743833461244773e-05,1,0.2777777777777778,0.20707070707070707,0.29292929292929293,0.25925925925925924
ERRFI1,1,0.0,0.0,6.340997628758338e-06,2,0.2777777777777778,0.20707070707070707,0.26262626262626265,0.24915824915824916
GRB2,1,0.0,0.0,2.9125121784837413e-06,2,0.2777777777777778,0.20707070707070707,0.25252525252525254,0.2457912457912458
ESR2,0,0.0,0.0,5.5101205094016185e-18,4,0.12121212121212122,0.20707070707070707,0.23232323232323232,0.18686868686868685
SHC1,0,0.0,0.0,8.407776656191435e-23,6,0.12121212121212122,0.20707070707070707,0.2222222222222222,0.1835016835016835
KRAS,0,0.0,0.0,2.6274302050598233e-24,7,0.12121212121212122,0.20707070707070707,0.21212121212121213,0.18013468013468015
BRAF,0,0.0,0.0,6.568575512649558e-25,8,0.12121212121212122,0.20707070707070707,0.20202020202020202,0.17676767676767677
FGFR2,0,0.0,0.0,0.0,25,0.12121212121212122,0.20707070707070707,0.10101010101010101,0.14309764309764308
FGFR1,0,0.0,0.0,0.0,24,0.12121212121212122,0.20707070707070707,0.10101010101010101,0.14309764309764308
CASP9,0,0.0,0.0,0.0,18,0.12121212121212122,0.20707070707070707,0.10101010101010101,0.14309764309764308
JAK3,0,0.0,0.0,0.0,23,0.12121212121212122,0.20707070707070707,0.10101010101010101,0.14309764309764308
VEGFB,0,0.0,0.0,0.0,22,0.12121212121212122,0.20707070707070707,0.10101010101010101,0.14309764309764308
VEGFA,0,0.0,0.0,0.0,21,0.12121212121212122,0.20707070707070707,0.10101010101010101,0.14309764309764308
L1CAM,0,0.0,0.0,0.0,20,0.12121212121212122,0.20707070707070707,0.10101010101010101,0.14309764309764308
CDH1,0,0.0,0.0,0.0,19,0.12121212121212122,0.20707070707070707,0.10101010101010101,0.14309764309764308
BAD,0,0.0,0.0,0.0,17,0.12121212121212122,0.20707070707070707,0.10101010101010101,0.14309764309764308
BAX,0,0.0,0.0,0.0,16,0.12121212121212122,0.20707070707070707,0.10101010101010101,0.14309764309764308
CDKN1A,0,0.0,0.0,0.0,15,0.12121212121212122,0.20707070707070707,0.10101010101010101,0.14309764309764308
MDM2,0,0.0,0.0,0.0,14,0.12121212121212122,0.20707070707070707,0.10101010101010101,0.14309764309764308
TP53,0,0.0,0.0,0.0,13,0.12121212121212122,0.20707070707070707,0.10101010101010101,0.14309764309764308
MYBL2,0,0.0,0.0,0.0,12,0.12121212121212122,0.20707070707070707,0.10101010101010101,0.14309764309764308
EGF,0,0.0,0.0,0.0,5,0.12121212121212122,0.20707070707070707,0.10101010101010101,0.14309764309764308
AKT2,0,0.0,0.0,0.0,9,0.12121212121212122,0.20707070707070707,0.10101010101010101,0.14309764309764308
AKT3,0,0.0,0.0,0.0,10,0.12121212121212122,0.20707070707070707,0.10101010101010101,0.14309764309764308
RPS6KB1,0,0.0,0.0,0.0,11,0.12121212121212122,0.20707070707070707,0.10101010101010101,0.14309764309764308
CXCR2,0,0.0,0.0,0.0,26,0.12121212121212122,0.20707070707070707,0.10101010101010101,0.14309764309764308
