"stratum","time_days","survival","n_at_risk"
"0",9,1,355
"0",10,1,354
"0",24,1,345
"0",30,1,344
"0",31,1,343
"0",40,1,340
"0",49,1,339
"0",51,1,338
"0",54,1,337
"0",70,1,336
"0",76,1,335
"0",78,1,334
"0",80,1,333
"0",116,0.996987951807229,332
"0",118,0.996987951807229,331
"0",149,0.996987951807229,330
"0",160,0.996987951807229,329
"0",162,0.996987951807229,328
"0",163,0.996987951807229,327
"0",172,0.993929706556286,326
"0",178,0.993929706556286,325
"0",196,0.993929706556286,324
"0",197,0.990852524802242,323
"0",210,0.990852524802242,322
"0",213,0.990852524802242,321
"0",214,0.990852524802242,320
"0",216,0.990852524802242,319
"0",218,0.990852524802242,318
"0",222,0.990852524802242,317
"0",225,0.990852524802242,316
"0",231,0.990852524802242,315
"0",243,0.990852524802242,314
"0",255,0.987686861783705,313
"0",259,0.987686861783705,312
"0",287,0.987686861783705,311
"0",295,0.98450077513279,310
"0",300,0.98450077513279,309
"0",304,0.98450077513279,308
"0",313,0.98450077513279,306
"0",317,0.98450077513279,305
"0",320,0.98450077513279,304
"0",326,0.98450077513279,303
"0",334,0.98450077513279,302
"0",336,0.98450077513279,301
"0",337,0.98450077513279,300
"0",343,0.98450077513279,299
"0",345,0.98450077513279,297
"0",347,0.98450077513279,296
"0",352,0.98450077513279,295
"0",358,0.98450077513279,294
"0",364,0.98450077513279,292
"0",365,0.98450077513279,291
"0",366,0.98450077513279,288
"0",371,0.98450077513279,287
"0",375,0.98450077513279,286
"0",377,0.981034223107674,284
"0",381,0.981034223107674,283
"0",385,0.977555378344881,282
"0",395,0.977555378344881,280
"0",396,0.977555378344881,279
"0",402,0.977555378344881,278
"0",403,0.977555378344881,277
"0",404,0.977555378344881,275
"0",408,0.977555378344881,274
"0",414,0.977555378344881,273
"0",418,0.977555378344881,272
"0",426,0.977555378344881,271
"0",434,0.977555378344881,270
"0",437,0.977555378344881,269
"0",439,0.977555378344881,268
"0",446,0.973880358125539,266
"0",447,0.973880358125539,265
"0",448,0.973880358125539,264
"0",450,0.973880358125539,262
"0",456,0.973880358125539,261
"0",457,0.973880358125539,260
"0",461,0.973880358125539,259
"0",467,0.973880358125539,258
"0",471,0.973880358125539,257
"0",476,0.973880358125539,256
"0",477,0.973880358125539,255
"0",482,0.973880358125539,254
"0",488,0.973880358125539,253
"0",492,0.973880358125539,252
"0",496,0.973880358125539,251
"0",499,0.973880358125539,250
"0",501,0.973880358125539,248
"0",502,0.973880358125539,246
"0",503,0.973880358125539,245
"0",508,0.973880358125539,244
"0",509,0.973880358125539,243
"0",518,0.973880358125539,242
"0",519,0.973880358125539,241
"0",529,0.973880358125539,240
"0",530,0.973880358125539,239
"0",532,0.973880358125539,237
"0",533,0.973880358125539,236
"0",538,0.969736186388835,235
"0",541,0.969736186388835,234
"0",545,0.969736186388835,233
"0",546,0.969736186388835,232
"0",547,0.969736186388835,231
"0",551,0.969736186388835,230
"0",552,0.969736186388835,229
"0",554,0.969736186388835,227
"0",562,0.969736186388835,225
"0",563,0.969736186388835,224
"0",565,0.969736186388835,223
"0",574,0.969736186388835,222
"0",575,0.969736186388835,221
"0",576,0.969736186388835,218
"0",577,0.969736186388835,217
"0",579,0.969736186388835,214
"0",584,0.965161959094548,212
"0",585,0.965161959094548,211
"0",588,0.965161959094548,210
"0",591,0.965161959094548,207
"0",594,0.965161959094548,206
"0",595,0.965161959094548,205
"0",598,0.965161959094548,204
"0",602,0.965161959094548,203
"0",612,0.96038392959408,202
"0",620,0.96038392959408,200
"0",622,0.96038392959408,199
"0",626,0.96038392959408,198
"0",635,0.96038392959408,197
"0",640,0.96038392959408,196
"0",643,0.96038392959408,195
"0",646,0.96038392959408,193
"0",648,0.96038392959408,192
"0",652,0.96038392959408,191
"0",659,0.96038392959408,190
"0",660,0.96038392959408,189
"0",662,0.96038392959408,188
"0",675,0.96038392959408,187
"0",677,0.96038392959408,186
"0",680,0.96038392959408,185
"0",681,0.96038392959408,184
"0",683,0.96038392959408,183
"0",703,0.96038392959408,182
"0",706,0.96038392959408,181
"0",707,0.96038392959408,180
"0",714,0.96038392959408,178
"0",715,0.96038392959408,177
"0",718,0.96038392959408,175
"0",725,0.96038392959408,174
"0",726,0.96038392959408,173
"0",727,0.96038392959408,172
"0",734,0.96038392959408,170
"0",747,0.96038392959408,169
"0",752,0.96038392959408,168
"0",760,0.96038392959408,167
"0",763,0.954598484235079,166
"0",767,0.954598484235079,165
"0",777,0.954598484235079,164
"0",786,0.948742051816459,163
"0",791,0.948742051816459,162
"0",798,0.948742051816459,161
"0",812,0.948742051816459,160
"0",820,0.948742051816459,159
"0",847,0.948742051816459,158
"0",875,0.948742051816459,157
"0",881,0.948742051816459,156
"0",883,0.948742051816459,155
"0",890,0.948742051816459,154
"0",906,0.948742051816459,153
"0",911,0.948742051816459,152
"0",912,0.948742051816459,151
"0",926,0.948742051816459,149
"0",931,0.948742051816459,148
"0",943,0.948742051816459,147
"0",954,0.948742051816459,146
"0",975,0.948742051816459,145
"0",984,0.948742051816459,144
"0",987,0.948742051816459,143
"0",991,0.942060769761414,142
"0",1000,0.942060769761414,140
"0",1001,0.942060769761414,139
"0",1004,0.935234242444302,138
"0",1005,0.935234242444302,136
"0",1006,0.935234242444302,135
"0",1007,0.935234242444302,134
"0",1013,0.935234242444302,133
"0",1015,0.935234242444302,132
"0",1034,0.928095049753887,131
"0",1035,0.928095049753887,130
"0",1043,0.928095049753887,129
"0",1072,0.920787214716455,127
"0",1085,0.920787214716455,126
"0",1119,0.920787214716455,125
"0",1120,0.920787214716455,124
"0",1121,0.920787214716455,123
"0",1124,0.920787214716455,122
"0",1132,0.920787214716455,121
"0",1138,0.920787214716455,120
"0",1139,0.920787214716455,119
"0",1148,0.912983933235807,118
"0",1156,0.912983933235807,117
"0",1157,0.912983933235807,116
"0",1161,0.912983933235807,115
"0",1162,0.912983933235807,114
"0",1163,0.912983933235807,113
"0",1167,0.912983933235807,112
"0",1203,0.912983933235807,111
"0",1206,0.912983933235807,110
"0",1208,0.912983933235807,109
"0",1217,0.912983933235807,108
"0",1220,0.912983933235807,107
"0",1233,0.912983933235807,105
"0",1234,0.912983933235807,104
"0",1251,0.912983933235807,103
"0",1269,0.912983933235807,102
"0",1286,0.903944488352284,101
"0",1308,0.903944488352284,100
"0",1309,0.903944488352284,99
"0",1326,0.903944488352284,98
"0",1330,0.903944488352284,97
"0",1351,0.903944488352284,96
"0",1363,0.903944488352284,95
"0",1371,0.903944488352284,94
"0",1448,0.903944488352284,93
"0",1461,0.903944488352284,92
"0",1463,0.903944488352284,91
"0",1477,0.903944488352284,90
"0",1505,0.903944488352284,89
"0",1508,0.893672391893736,88
"0",1519,0.893672391893736,87
"0",1528,0.893672391893736,86
"0",1542,0.893672391893736,85
"0",1596,0.893672391893736,84
"0",1604,0.893672391893736,83
"0",1611,0.893672391893736,81
"0",1614,0.893672391893736,80
"0",1616,0.893672391893736,79
"0",1639,0.893672391893736,78
"0",1644,0.893672391893736,77
"0",1648,0.893672391893736,76
"0",1673,0.893672391893736,75
"0",1682,0.893672391893736,74
"0",1683,0.893672391893736,73
"0",1712,0.893672391893736,72
"0",1793,0.881085456796641,71
"0",1800,0.881085456796641,70
"0",1864,0.881085456796641,69
"0",1873,0.881085456796641,68
"0",1876,0.881085456796641,67
"0",1884,0.867735677148207,66
"0",1887,0.867735677148207,65
"0",1900,0.854177307192766,64
"0",1919,0.854177307192766,63
"0",1925,0.854177307192766,62
"0",1926,0.854177307192766,61
"0",1953,0.854177307192766,60
"0",1980,0.854177307192766,59
"0",2009,0.839450112241167,58
"0",2019,0.839450112241167,57
"0",2031,0.839450112241167,56
"0",2041,0.839450112241167,55
"0",2064,0.839450112241167,54
"0",2124,0.839450112241167,53
"0",2127,0.823306840851914,52
"0",2134,0.823306840851914,51
"0",2140,0.823306840851914,50
"0",2164,0.823306840851914,49
"0",2190,0.823306840851914,48
"0",2197,0.823306840851914,47
"0",2248,0.823306840851914,46
"0",2255,0.823306840851914,45
"0",2296,0.804160170134427,43
"0",2306,0.804160170134427,42
"0",2365,0.804160170134427,41
"0",2372,0.804160170134427,40
"0",2403,0.804160170134427,38
"0",2442,0.804160170134427,37
"0",2477,0.804160170134427,36
"0",2483,0.804160170134427,35
"0",2489,0.804160170134427,34
"0",2520,0.779791680130354,33
"0",2596,0.779791680130354,32
"0",2632,0.779791680130354,31
"0",2645,0.779791680130354,30
"0",2712,0.751941977268555,28
"0",2763,0.724092274406757,27
"0",2798,0.696242571544959,26
"0",2920,0.696242571544959,25
"0",2953,0.696242571544959,24
"0",2971,0.696242571544959,23
"0",2989,0.696242571544959,22
"0",3011,0.696242571544959,21
"0",3112,0.696242571544959,20
"0",3152,0.696242571544959,19
"0",3159,0.696242571544959,18
"0",3203,0.696242571544959,17
"0",3226,0.696242571544959,16
"0",3247,0.696242571544959,15
"0",3283,0.696242571544959,14
"0",3287,0.696242571544959,13
"0",3307,0.696242571544959,12
"0",3342,0.696242571544959,11
"0",3364,0.696242571544959,10
"0",3409,0.618882285817741,9
"0",3456,0.618882285817741,8
"0",3492,0.530470530700921,7
"0",3603,0.530470530700921,6
"0",3660,0.530470530700921,5
"0",3669,0.397852898025691,4
"0",3736,0.26523526535046,3
"0",3957,0.26523526535046,2
"0",4159,0.26523526535046,1
"1",1,1,355
"1",5,1,354
"1",7,1,352
"1",10,1,351
"1",16,1,345
"1",19,1,344
"1",30,1,343
"1",31,1,340
"1",52,1,339
"1",64,1,338
"1",79,1,337
"1",90,1,336
"1",98,1,335
"1",134,1,334
"1",170,1,333
"1",172,1,331
"1",174,0.996969696969697,330
"1",187,0.996969696969697,329
"1",215,0.996969696969697,328
"1",224,0.993920859975906,327
"1",227,0.993920859975906,325
"1",239,0.990853203000672,324
"1",242,0.990853203000672,323
"1",258,0.990853203000672,321
"1",266,0.990853203000672,320
"1",273,0.990853203000672,319
"1",274,0.990853203000672,317
"1",285,0.990853203000672,316
"1",297,0.990853203000672,315
"1",302,0.987697619551625,314
"1",303,0.987697619551625,313
"1",304,0.984531922053062,312
"1",313,0.984531922053062,309
"1",320,0.981335389838604,308
"1",322,0.978138857624146,307
"1",323,0.978138857624146,305
"1",332,0.978138857624146,304
"1",336,0.974910676575881,303
"1",345,0.974910676575881,302
"1",358,0.974910676575881,301
"1",360,0.974910676575881,300
"1",365,0.971650105751213,299
"1",366,0.971650105751213,296
"1",371,0.971650105751213,295
"1",375,0.971650105751213,294
"1",376,0.971650105751213,292
"1",379,0.971650105751213,290
"1",380,0.971650105751213,289
"1",382,0.971650105751213,288
"1",385,0.968264565313055,287
"1",392,0.968264565313055,282
"1",393,0.968264565313055,281
"1",394,0.968264565313055,280
"1",396,0.968264565313055,278
"1",397,0.968264565313055,274
"1",398,0.968264565313055,273
"1",410,0.968264565313055,272
"1",411,0.968264565313055,271
"1",413,0.968264565313055,270
"1",423,0.968264565313055,269
"1",426,0.964651637830544,268
"1",431,0.964651637830544,266
"1",435,0.964651637830544,264
"1",439,0.964651637830544,263
"1",440,0.964651637830544,262
"1",441,0.964651637830544,261
"1",450,0.964651637830544,260
"1",451,0.964651637830544,259
"1",454,0.964651637830544,258
"1",455,0.964651637830544,257
"1",458,0.964651637830544,256
"1",463,0.964651637830544,255
"1",466,0.964651637830544,253
"1",470,0.964651637830544,252
"1",472,0.964651637830544,251
"1",477,0.964651637830544,250
"1",480,0.964651637830544,249
"1",488,0.964651637830544,248
"1",495,0.964651637830544,247
"1",496,0.964651637830544,246
"1",504,0.964651637830544,245
"1",506,0.964651637830544,244
"1",510,0.964651637830544,243
"1",511,0.964651637830544,242
"1",513,0.964651637830544,241
"1",518,0.964651637830544,240
"1",519,0.964651637830544,238
"1",521,0.964651637830544,237
"1",522,0.964651637830544,236
"1",523,0.964651637830544,235
"1",524,0.960529194933832,234
"1",525,0.960529194933832,233
"1",528,0.960529194933832,232
"1",531,0.960529194933832,231
"1",532,0.960529194933832,230
"1",533,0.960529194933832,228
"1",538,0.960529194933832,227
"1",552,0.960529194933832,226
"1",554,0.960529194933832,225
"1",562,0.960529194933832,222
"1",563,0.956182908983905,221
"1",566,0.956182908983905,220
"1",567,0.956182908983905,219
"1",575,0.956182908983905,218
"1",584,0.956182908983905,217
"1",586,0.956182908983905,215
"1",590,0.956182908983905,214
"1",595,0.956182908983905,213
"1",596,0.956182908983905,212
"1",607,0.956182908983905,211
"1",608,0.956182908983905,209
"1",611,0.956182908983905,207
"1",612,0.956182908983905,205
"1",616,0.956182908983905,204
"1",618,0.956182908983905,203
"1",622,0.956182908983905,202
"1",627,0.956182908983905,201
"1",631,0.956182908983905,200
"1",635,0.956182908983905,199
"1",639,0.956182908983905,197
"1",640,0.956182908983905,196
"1",644,0.956182908983905,195
"1",655,0.956182908983905,194
"1",658,0.956182908983905,193
"1",659,0.956182908983905,192
"1",663,0.956182908983905,191
"1",666,0.956182908983905,190
"1",672,0.956182908983905,188
"1",678,0.951069631395756,187
"1",679,0.951069631395756,186
"1",694,0.951069631395756,185
"1",701,0.951069631395756,184
"1",702,0.951069631395756,183
"1",709,0.951069631395756,182
"1",710,0.951069631395756,181
"1",722,0.951069631395756,180
"1",742,0.951069631395756,179
"1",747,0.951069631395756,178
"1",754,0.945696356642108,177
"1",759,0.945696356642108,176
"1",760,0.945696356642108,175
"1",761,0.945696356642108,174
"1",767,0.945696356642108,173
"1",788,0.945696356642108,172
"1",789,0.945696356642108,171
"1",795,0.945696356642108,170
"1",811,0.940100520212273,169
"1",819,0.940100520212273,168
"1",822,0.940100520212273,167
"1",829,0.940100520212273,166
"1",837,0.940100520212273,165
"1",856,0.940100520212273,164
"1",858,0.940100520212273,163
"1",879,0.934297430581333,162
"1",883,0.928494340950393,161
"1",907,0.928494340950393,160
"1",908,0.928494340950393,159
"1",921,0.922617794488682,158
"1",923,0.922617794488682,157
"1",942,0.922617794488682,156
"1",943,0.916665421621013,155
"1",952,0.916665421621013,152
"1",959,0.910594789689748,151
"1",967,0.904524157758483,150
"1",968,0.904524157758483,149
"1",972,0.904524157758483,148
"1",974,0.904524157758483,147
"1",975,0.904524157758483,146
"1",989,0.904524157758483,145
"1",996,0.904524157758483,144
"1",1001,0.904524157758483,143
"1",1004,0.904524157758483,142
"1",1009,0.898063270917351,140
"1",1025,0.898063270917351,139
"1",1026,0.898063270917351,138
"1",1027,0.898063270917351,137
"1",1034,0.898063270917351,136
"1",1042,0.898063270917351,135
"1",1051,0.898063270917351,134
"1",1088,0.898063270917351,133
"1",1093,0.891259761289189,132
"1",1099,0.891259761289189,130
"1",1101,0.891259761289189,129
"1",1112,0.891259761289189,128
"1",1120,0.891259761289189,127
"1",1127,0.884186271120227,126
"1",1140,0.884186271120227,125
"1",1148,0.884186271120227,124
"1",1150,0.884186271120227,123
"1",1152,0.876938842668422,122
"1",1156,0.876938842668422,121
"1",1174,0.876938842668422,120
"1",1189,0.876938842668422,119
"1",1196,0.876938842668422,118
"1",1203,0.876938842668422,117
"1",1229,0.876938842668422,116
"1",1232,0.876938842668422,115
"1",1234,0.876938842668422,114
"1",1239,0.876938842668422,113
"1",1246,0.876938842668422,112
"1",1248,0.876938842668422,111
"1",1266,0.876938842668422,110
"1",1272,0.868893532185225,109
"1",1277,0.868893532185225,108
"1",1308,0.868893532185225,107
"1",1309,0.868893532185225,106
"1",1321,0.868893532185225,105
"1",1324,0.860538786683445,104
"1",1363,0.860538786683445,103
"1",1371,0.860538786683445,102
"1",1411,0.852018600676678,101
"1",1430,0.843498414669911,100
"1",1434,0.843498414669911,99
"1",1439,0.834891287989606,98
"1",1474,0.834891287989606,97
"1",1492,0.834891287989606,96
"1",1522,0.834891287989606,95
"1",1532,0.834891287989606,94
"1",1534,0.834891287989606,93
"1",1535,0.834891287989606,92
"1",1545,0.834891287989606,91
"1",1546,0.834891287989606,90
"1",1547,0.834891287989606,89
"1",1556,0.825403886989724,88
"1",1563,0.815916485989842,87
"1",1572,0.815916485989842,86
"1",1587,0.815916485989842,85
"1",1631,0.815916485989842,84
"1",1642,0.815916485989842,83
"1",1662,0.815916485989842,82
"1",1686,0.815916485989842,81
"1",1692,0.805717529914969,80
"1",1694,0.795518573840096,79
"1",1699,0.785319617765223,78
"1",1728,0.785319617765223,77
"1",1742,0.785319617765223,75
"1",1836,0.785319617765223,74
"1",1842,0.785319617765223,73
"1",1866,0.785319617765223,72
"1",1871,0.785319617765223,71
"1",1882,0.785319617765223,70
"1",1914,0.785319617765223,69
"1",1935,0.785319617765223,68
"1",1972,0.785319617765223,67
"1",2048,0.785319617765223,66
"1",2091,0.785319617765223,65
"1",2128,0.785319617765223,64
"1",2136,0.785319617765223,63
"1",2142,0.785319617765223,62
"1",2155,0.785319617765223,61
"1",2156,0.785319617765223,60
"1",2161,0.785319617765223,59
"1",2184,0.785319617765223,58
"1",2190,0.785319617765223,57
"1",2193,0.785319617765223,56
"1",2207,0.771041079260401,55
"1",2222,0.771041079260401,54
"1",2255,0.771041079260401,53
"1",2278,0.771041079260401,52
"1",2311,0.771041079260401,51
"1",2330,0.771041079260401,50
"1",2335,0.771041079260401,49
"1",2381,0.771041079260401,48
"1",2406,0.771041079260401,47
"1",2426,0.771041079260401,46
"1",2442,0.771041079260401,45
"1",2483,0.753517418368119,44
"1",2486,0.753517418368119,43
"1",2513,0.753517418368119,42
"1",2515,0.753517418368119,41
"1",2551,0.734679482908916,40
"1",2558,0.734679482908916,39
"1",2559,0.734679482908916,38
"1",2596,0.734679482908916,37
"1",2605,0.734679482908916,36
"1",2618,0.734679482908916,35
"1",2629,0.734679482908916,34
"1",2654,0.734679482908916,33
"1",2709,0.734679482908916,32
"1",2770,0.734679482908916,31
"1",2838,0.734679482908916,30
"1",2854,0.709345707636195,29
"1",2911,0.684011932363474,28
"1",2965,0.658678157090752,27
"1",2976,0.658678157090752,26
"1",3001,0.658678157090752,25
"1",3015,0.658678157090752,24
"1",3072,0.658678157090752,23
"1",3091,0.658678157090752,22
"1",3102,0.658678157090752,21
"1",3128,0.658678157090752,20
"1",3172,0.658678157090752,19
"1",3248,0.658678157090752,18
"1",3256,0.658678157090752,17
"1",3261,0.658678157090752,16
"1",3286,0.658678157090752,15
"1",3316,0.658678157090752,14
"1",3430,0.658678157090752,13
"1",3462,0.603788310666523,12
"1",3472,0.548898464242294,11
"1",3506,0.548898464242294,10
"1",3519,0.548898464242294,9
"1",3607,0.548898464242294,8
"1",3807,0.548898464242294,7
"1",4005,0.548898464242294,6
"1",4047,0.548898464242294,5
"1",4052,0.548898464242294,4
"1",4080,0.548898464242294,3
"1",4275,0.548898464242294,2
"1",4894,0.548898464242294,1
