ER,PR,HER2,age,t,e,CS
1.0,1.0,0.0,55.0,4047.0,0.0,0.5172971664231839
1.0,1.0,1.0,50.0,4005.0,0.0,0.5364979763083167
1.0,1.0,1.0,52.0,1448.0,0.0,-0.12604932816267914
1.0,1.0,0.0,42.0,1477.0,0.0,-1.200304612627258
1.0,0.0,0.0,70.0,259.0,0.0,-0.7429469040355737
1.0,1.0,0.0,59.0,437.0,0.0,-0.34066808219670014
1.0,1.0,0.0,56.0,1321.0,0.0,0.4178719923832012
1.0,1.0,0.0,54.0,1463.0,0.0,-0.17526474233285688
1.0,1.0,0.0,61.0,434.0,0.0,-0.635744679066701
1.0,1.0,0.0,52.0,635.0,0.0,0.8964106017910676
0.0,0.0,0.0,54.0,967.0,1.0,1.4477294270941363
1.0,0.0,1.0,77.0,242.0,0.0,0.18546098317871806
1.0,1.0,1.0,50.0,1196.0,0.0,1.1676851733486655
0.0,0.0,0.0,40.0,584.0,0.0,1.571971197211517
1.0,1.0,0.0,45.0,554.0,0.0,0.17815026136660356
0.0,0.0,0.0,47.0,2654.0,0.0,0.8992198442932375
0.0,0.0,1.0,50.0,3102.0,0.0,0.22400198794542955
1.0,1.0,1.0,34.0,1686.0,0.0,0.2134685331716201
1.0,1.0,0.0,53.0,1099.0,0.0,0.40614596432407835
1.0,1.0,0.0,60.0,4159.0,0.0,-0.5092095055211864
1.0,1.0,0.0,37.0,3015.0,0.0,1.6374243749483357
0.0,0.0,0.0,40.0,754.0,1.0,1.3331886456006488
1.0,1.0,0.0,85.0,3492.0,1.0,-1.3758231917196373
1.0,1.0,0.0,54.0,3283.0,0.0,-0.8147643236269019
1.0,1.0,0.0,41.0,3011.0,0.0,-1.9731894319991472
1.0,0.0,1.0,52.0,1728.0,0.0,0.42194769690608525
1.0,1.0,0.0,63.0,1673.0,0.0,-0.36546749923680594
1.0,1.0,0.0,46.0,1616.0,0.0,-1.3940352468544082
0.0,0.0,0.0,60.0,2048.0,0.0,1.3125291355166369
0.0,0.0,1.0,76.0,1051.0,0.0,0.6186690714455353
0.0,0.0,0.0,45.0,1027.0,0.0,1.611947699723724
1.0,1.0,0.0,42.0,1873.0,0.0,-2.048430918269149
1.0,1.0,0.0,37.0,767.0,0.0,0.8287404967584384
1.0,1.0,0.0,54.0,2442.0,0.0,-0.4525786112568197
1.0,0.0,0.0,56.0,3603.0,0.0,0.038301111915615575
0.0,0.0,1.0,64.0,2426.0,0.0,1.470115896100449
1.0,1.0,0.0,52.0,2190.0,0.0,-0.7564207629707596
1.0,1.0,0.0,79.0,1043.0,0.0,0.06557663760053316
1.0,1.0,0.0,80.0,968.0,0.0,0.3094871811573345
1.0,1.0,0.0,53.0,1884.0,1.0,-0.8471532549633165
1.0,1.0,0.0,46.0,752.0,0.0,-1.3248196505534635
1.0,0.0,1.0,62.0,1925.0,0.0,-0.043831215349318435
1.0,1.0,0.0,66.0,1662.0,0.0,0.45502649349886665
0.0,0.0,0.0,48.0,1534.0,0.0,1.3499231838731263
0.0,0.0,0.0,59.0,533.0,0.0,0.5425254888092576
0.0,0.0,1.0,55.0,521.0,0.0,0.2566432323088047
0.0,0.0,0.0,66.0,255.0,1.0,-0.7874695643593926
1.0,1.0,0.0,39.0,531.0,0.0,0.29224582791357373
1.0,1.0,0.0,50.0,575.0,0.0,-1.0613001921841243
1.0,1.0,0.0,51.0,631.0,0.0,0.2983038272601446
0.0,0.0,0.0,48.0,554.0,0.0,0.8226629848745723
1.0,0.0,0.0,67.0,1535.0,0.0,0.3404602326469276
1.0,1.0,1.0,63.0,666.0,0.0,1.1322991849978896
1.0,1.0,0.0,53.0,659.0,0.0,0.6982245397186098
1.0,1.0,0.0,62.0,1505.0,0.0,-1.2247560383936358
1.0,0.0,0.0,39.0,566.0,0.0,0.15798564628243747
1.0,0.0,0.0,61.0,588.0,0.0,-0.07541028860969733
1.0,1.0,0.0,48.0,1474.0,0.0,0.29822012872059733
1.0,1.0,0.0,74.0,714.0,0.0,-1.0210647792074485
1.0,0.0,0.0,62.0,528.0,0.0,0.3646663840324979
1.0,1.0,0.0,63.0,683.0,0.0,-0.561901629246775
1.0,1.0,0.0,71.0,595.0,0.0,0.9002561667126211
0.0,0.0,0.0,50.0,501.0,0.0,-2.4583032538008736
1.0,1.0,0.0,70.0,1596.0,0.0,-0.7535431894125771
1.0,1.0,0.0,50.0,523.0,0.0,0.9697313952440577
1.0,0.0,0.0,90.0,552.0,0.0,0.06781400419902921
0.0,1.0,0.0,66.0,322.0,0.0,1.6443381861982953
1.0,1.0,0.0,47.0,1206.0,0.0,-0.16431809298944314
0.0,0.0,0.0,45.0,2770.0,0.0,0.7291245430018889
1.0,0.0,0.0,42.0,1712.0,0.0,-1.0257286833779173
0.0,0.0,0.0,49.0,1439.0,1.0,0.818558545399905
0.0,0.0,0.0,49.0,1093.0,1.0,1.0436316610193503
0.0,0.0,1.0,46.0,1532.0,0.0,0.484721197571922
1.0,0.0,0.0,57.0,1546.0,0.0,0.9141784311392581
1.0,1.0,0.0,49.0,222.0,0.0,-0.6956316450509544
1.0,1.0,0.0,67.0,742.0,0.0,1.0619716708082743
1.0,1.0,0.0,46.0,648.0,0.0,-1.3043633857719363
1.0,1.0,0.0,77.0,706.0,0.0,-2.2500563195997567
1.0,0.0,0.0,66.0,820.0,0.0,-2.1256262603346703
1.0,1.0,0.0,62.0,643.0,0.0,-1.2588906173015868
1.0,1.0,0.0,59.0,666.0,0.0,0.8731007193408183
1.0,0.0,0.0,78.0,1043.0,0.0,-0.039111455683000194
1.0,1.0,0.0,57.0,931.0,0.0,-0.022585613554813207
1.0,0.0,0.0,37.0,1139.0,0.0,-0.08175495868244101
0.0,0.0,0.0,62.0,1085.0,0.0,-0.1479494872890261
1.0,1.0,0.0,56.0,1007.0,0.0,-0.7155519108681312
1.0,0.0,0.0,63.0,906.0,0.0,-1.6629927251773318
1.0,1.0,0.0,79.0,718.0,0.0,-1.669836005041203
1.0,1.0,0.0,71.0,954.0,0.0,-0.306648766440698
0.0,0.0,0.0,50.0,722.0,0.0,0.6707027559165686
1.0,1.0,0.0,49.0,627.0,0.0,0.42934189104709125
1.0,1.0,1.0,53.0,679.0,0.0,0.9420626408763517
1.0,1.0,0.0,71.0,345.0,0.0,-0.3122951449178078
1.0,1.0,0.0,62.0,313.0,0.0,0.045572019100509537
1.0,1.0,0.0,63.0,343.0,0.0,-0.8912922143627773
1.0,1.0,0.0,79.0,408.0,0.0,-1.9316621447751177
1.0,1.0,0.0,50.0,364.0,0.0,-1.011490678908133
1.0,0.0,0.0,40.0,454.0,0.0,0.4680707326481538
1.0,1.0,0.0,56.0,418.0,0.0,-0.5068521522523182
0.0,0.0,0.0,54.0,644.0,0.0,0.9361597737909028
1.0,0.0,1.0,54.0,545.0,0.0,-0.053384348885335116
1.0,1.0,0.0,84.0,448.0,0.0,-1.888938613332104
1.0,1.0,0.0,47.0,326.0,0.0,-1.1641910897470615
1.0,1.0,0.0,48.0,336.0,0.0,-2.229544713522153
0.0,0.0,0.0,51.0,313.0,0.0,1.5184335590419706
0.0,0.0,0.0,48.0,285.0,0.0,0.6917987671926793
1.0,1.0,0.0,68.0,317.0,0.0,0.005093584330531705
0.0,0.0,0.0,48.0,266.0,0.0,0.9390123930748997
1.0,1.0,0.0,60.0,396.0,0.0,0.9609067976179655
1.0,1.0,0.0,63.0,396.0,0.0,-0.9464506748035878
1.0,1.0,0.0,63.0,31.0,0.0,-0.11082147384479044
1.0,0.0,1.0,69.0,547.0,0.0,0.06222628275494608
1.0,1.0,1.0,75.0,1614.0,0.0,-0.944576587689199
1.0,1.0,1.0,80.0,883.0,1.0,0.1525044504716482
1.0,0.0,1.0,77.0,943.0,1.0,0.11966830071744552
1.0,1.0,0.0,66.0,791.0,0.0,-1.6765654527170526
1.0,1.0,0.0,84.0,31.0,0.0,-0.40545289961833647
1.0,1.0,1.0,42.0,518.0,0.0,0.7470804958372758
1.0,1.0,1.0,66.0,1642.0,0.0,0.866180268800782
1.0,1.0,0.0,69.0,274.0,0.0,1.4560899284591298
1.0,1.0,1.0,69.0,1308.0,0.0,-0.10922441532092966
0.0,0.0,0.0,57.0,1034.0,0.0,1.2527035490660958
1.0,1.0,0.0,81.0,608.0,0.0,1.1935939807581428
1.0,1.0,0.0,65.0,577.0,0.0,-0.022932917864259186
1.0,1.0,0.0,65.0,577.0,0.0,-0.6507795885799909
1.0,0.0,1.0,69.0,426.0,0.0,0.9909613147762563
1.0,1.0,0.0,35.0,365.0,0.0,-1.4689179494215265
1.0,1.0,0.0,58.0,975.0,0.0,1.4899213317069149
0.0,0.0,0.0,51.0,304.0,0.0,1.779526877107845
1.0,1.0,1.0,68.0,334.0,0.0,-0.02934517216479845
0.0,0.0,1.0,80.0,273.0,0.0,0.8722353947186555
1.0,0.0,0.0,73.0,243.0,0.0,-0.08885680555974866
0.0,1.0,0.0,66.0,760.0,0.0,1.3257687560077114
1.0,1.0,0.0,76.0,304.0,0.0,1.2142964482598315
1.0,1.0,0.0,85.0,1371.0,0.0,0.05064257598969265
1.0,0.0,0.0,81.0,458.0,0.0,0.1167680801768015
1.0,1.0,0.0,44.0,1124.0,0.0,0.09068792672088195
1.0,1.0,0.0,59.0,396.0,0.0,0.7639878986383805
1.0,1.0,0.0,89.0,30.0,0.0,-1.1801449144545648
1.0,0.0,1.0,52.0,1156.0,0.0,0.3602170740042558
1.0,1.0,1.0,65.0,881.0,0.0,-1.7844233494297492
1.0,1.0,0.0,59.0,1004.0,0.0,0.7052039849335291
1.0,1.0,1.0,41.0,607.0,0.0,0.6775648140063195
1.0,1.0,0.0,53.0,365.0,0.0,1.01835456046256
1.0,0.0,0.0,52.0,1127.0,1.0,0.3987527386625622
1.0,0.0,0.0,89.0,304.0,1.0,1.2890967188541689
1.0,1.0,0.0,45.0,943.0,0.0,-0.24309631075589475
1.0,1.0,1.0,70.0,943.0,0.0,0.4422642661017049
0.0,0.0,0.0,52.0,30.0,0.0,1.280215180674921
1.0,1.0,1.0,71.0,1004.0,0.0,0.4572373224067736
1.0,1.0,1.0,64.0,3409.0,1.0,-0.8011884636050838
0.0,0.0,1.0,43.0,1308.0,0.0,0.7083882128120997
1.0,1.0,0.0,76.0,1217.0,0.0,-0.004074066367715059
1.0,0.0,0.0,61.0,1004.0,0.0,-0.19007621922120826
1.0,1.0,0.0,48.0,942.0,0.0,1.2822394194606452
1.0,1.0,0.0,61.0,546.0,0.0,-0.8004166995072964
1.0,1.0,0.0,45.0,1277.0,0.0,1.150530567481907
1.0,1.0,1.0,65.0,365.0,0.0,0.9298405892453929
1.0,1.0,1.0,76.0,304.0,0.0,-1.8237557818808898
1.0,1.0,0.0,40.0,304.0,0.0,-0.1070287305043047
1.0,1.0,0.0,58.0,365.0,0.0,-0.41389788412260703
1.0,1.0,0.0,69.0,31.0,0.0,-0.22818320522068655
1.0,1.0,0.0,47.0,1522.0,0.0,0.5923392200314185
1.0,1.0,1.0,73.0,1492.0,0.0,0.33193143488943905
1.0,1.0,1.0,84.0,1371.0,0.0,1.1382517017679188
1.0,1.0,0.0,68.0,912.0,0.0,-0.9617271284638069
1.0,1.0,0.0,75.0,1006.0,0.0,-0.3022973198751773
1.0,1.0,1.0,57.0,31.0,0.0,0.26772748132026364
1.0,1.0,0.0,83.0,761.0,0.0,0.7402815507130337
1.0,1.0,0.0,82.0,273.0,0.0,0.1698186150201718
1.0,1.0,0.0,68.0,579.0,0.0,-0.5383371602876623
1.0,1.0,0.0,51.0,457.0,0.0,-0.6447785261135044
1.0,1.0,0.0,70.0,30.0,0.0,0.7736750600559842
0.0,0.0,0.0,62.0,426.0,1.0,0.5352488901526188
1.0,1.0,0.0,84.0,365.0,0.0,-0.2742256001107769
1.0,1.0,0.0,66.0,579.0,0.0,-1.0681551474435835
1.0,1.0,0.0,73.0,396.0,0.0,0.3100826442173076
1.0,1.0,0.0,64.0,640.0,0.0,-0.5814139598182063
0.0,0.0,1.0,57.0,30.0,0.0,0.3460427876860703
1.0,1.0,0.0,80.0,822.0,0.0,0.20038073371661191
1.0,1.0,1.0,54.0,518.0,0.0,0.26084202697515535
1.0,1.0,0.0,83.0,1157.0,0.0,-0.007492745494735065
1.0,1.0,1.0,62.0,585.0,0.0,-0.29688846923028867
1.0,1.0,1.0,76.0,2248.0,0.0,-0.534557315054521
1.0,0.0,1.0,90.0,174.0,1.0,0.5742665435028939
1.0,1.0,0.0,84.0,677.0,0.0,-0.28138465326602374
0.0,0.0,0.0,78.0,2222.0,0.0,1.1520576394309736
1.0,1.0,1.0,65.0,1234.0,0.0,0.4251943999201318
1.0,0.0,0.0,65.0,2255.0,0.0,-0.6415871548453131
0.0,0.0,0.0,58.0,1005.0,0.0,-0.011513738470839426
1.0,0.0,0.0,76.0,588.0,0.0,-1.5102360412379277
0.0,0.0,0.0,48.0,446.0,1.0,-1.5620633816053628
1.0,1.0,0.0,46.0,987.0,0.0,-1.171346148938178
1.0,0.0,0.0,79.0,197.0,1.0,-1.0552826567838625
1.0,1.0,0.0,87.0,496.0,0.0,-0.14985642848670372
1.0,1.0,0.0,68.0,451.0,0.0,0.2500590621373177
1.0,1.0,1.0,54.0,734.0,0.0,-0.5738295169228995
1.0,1.0,1.0,75.0,456.0,0.0,-2.67790386830615
1.0,1.0,0.0,90.0,602.0,0.0,-0.24752689945397696
1.0,0.0,0.0,66.0,471.0,0.0,-0.6145493083442252
1.0,1.0,1.0,74.0,707.0,0.0,-1.281600708372529
1.0,1.0,1.0,63.0,890.0,0.0,-0.0074053269356990584
1.0,0.0,0.0,76.0,511.0,0.0,0.10089789577356507
1.0,1.0,0.0,74.0,588.0,0.0,-0.4283984980732252
1.0,1.0,0.0,74.0,455.0,0.0,0.1824983554491383
1.0,1.0,0.0,79.0,530.0,0.0,-0.6582503237368457
0.0,0.0,0.0,73.0,413.0,0.0,0.8331047585144254
1.0,1.0,0.0,43.0,51.0,0.0,-0.24862392280847964
0.0,0.0,0.0,56.0,1.0,0.0,0.253889662763906
1.0,1.0,0.0,75.0,40.0,0.0,-1.4220876102875575
1.0,1.0,1.0,71.0,70.0,0.0,-0.842695605974054
1.0,1.0,1.0,74.0,10.0,0.0,-1.3980912166384698
1.0,1.0,0.0,66.0,10.0,0.0,0.33702549002236154
1.0,0.0,1.0,29.0,7.0,0.0,0.2448246102667505
1.0,1.0,0.0,68.0,10.0,0.0,-0.024762018065504304
1.0,1.0,0.0,62.0,19.0,0.0,0.25300773089805856
1.0,1.0,0.0,36.0,90.0,0.0,0.3414579908689684
0.0,0.0,1.0,51.0,54.0,0.0,0.07201189756701733
0.0,0.0,0.0,58.0,52.0,0.0,0.5145699391691776
1.0,1.0,1.0,79.0,303.0,0.0,1.5563335178029472
1.0,0.0,1.0,76.0,224.0,0.0,0.7061193229322341
0.0,0.0,0.0,41.0,227.0,0.0,1.0027655603514456
1.0,0.0,0.0,56.0,5.0,0.0,1.402846454798339
0.0,0.0,0.0,55.0,10.0,0.0,0.07716544786405223
1.0,0.0,0.0,70.0,10.0,0.0,-0.11656346798932507
0.0,0.0,0.0,62.0,10.0,0.0,0.939513533925088
1.0,1.0,1.0,71.0,196.0,0.0,-0.1505481223622816
1.0,1.0,0.0,32.0,172.0,0.0,0.17530797668164266
1.0,0.0,1.0,59.0,242.0,0.0,1.4653148021136442
1.0,1.0,1.0,88.0,213.0,0.0,-0.9517495681596438
0.0,0.0,1.0,62.0,231.0,0.0,-1.69651963581854
1.0,1.0,1.0,61.0,218.0,0.0,-0.38345226178618164
1.0,0.0,1.0,55.0,210.0,0.0,-0.7400034840032885
1.0,1.0,1.0,63.0,214.0,0.0,-1.1232524010336338
0.0,0.0,1.0,58.0,10.0,0.0,0.004535301925247132
0.0,0.0,1.0,52.0,10.0,0.0,0.8483812054053004
1.0,1.0,0.0,55.0,10.0,0.0,1.29410765696392
1.0,0.0,1.0,45.0,10.0,0.0,-0.12356997016716088
0.0,0.0,0.0,56.0,16.0,0.0,0.9494450754000063
1.0,1.0,0.0,61.0,163.0,0.0,-0.14161770173781016
0.0,1.0,0.0,68.0,10.0,0.0,0.15908016549434198
1.0,0.0,0.0,59.0,375.0,0.0,0.25560645934734694
1.0,1.0,1.0,69.0,9.0,0.0,-1.3917523347413012
1.0,0.0,0.0,55.0,10.0,0.0,-0.18610136784089898
0.0,1.0,0.0,63.0,10.0,0.0,-0.5868525197992276
1.0,0.0,0.0,54.0,10.0,0.0,-1.4667417733974262
0.0,0.0,0.0,54.0,10.0,0.0,1.3968609568958534
1.0,1.0,1.0,67.0,162.0,0.0,-0.07743660503636715
1.0,1.0,1.0,36.0,170.0,0.0,1.118119492583656
1.0,1.0,1.0,34.0,2442.0,0.0,1.532664044675104
1.0,1.0,0.0,29.0,1866.0,0.0,1.2881921937443166
1.0,1.0,0.0,59.0,2031.0,0.0,-0.7302439416027248
1.0,1.0,0.0,69.0,2483.0,1.0,1.134805635197969
1.0,1.0,0.0,54.0,2911.0,1.0,0.25807559436462674
1.0,1.0,0.0,57.0,2091.0,0.0,1.074121987560423
1.0,1.0,0.0,42.0,2124.0,0.0,-0.22350632740581158
0.0,0.0,0.0,31.0,1793.0,1.0,-1.0235892301723175
1.0,1.0,0.0,41.0,1351.0,0.0,-0.12246244535971218
0.0,0.0,0.0,41.0,1587.0,0.0,1.2004078573513375
0.0,0.0,0.0,61.0,1140.0,0.0,0.5411750608936311
1.0,1.0,0.0,71.0,618.0,0.0,0.31692463547865213
1.0,1.0,0.0,61.0,680.0,0.0,-1.0005300054016322
1.0,1.0,0.0,36.0,655.0,0.0,0.3260179708874886
1.0,1.0,0.0,50.0,1542.0,0.0,-0.7576542365721813
1.0,1.0,0.0,64.0,1547.0,0.0,0.5673739100460805
1.0,1.0,0.0,59.0,2190.0,0.0,1.3458442819824208
0.0,0.0,1.0,53.0,2335.0,0.0,0.6515552024435181
1.0,1.0,0.0,68.0,1980.0,0.0,-0.8048674541754454
1.0,1.0,0.0,49.0,798.0,0.0,-1.7511317875402248
1.0,0.0,0.0,56.0,1528.0,0.0,-0.4282259296799597
1.0,1.0,0.0,54.0,1887.0,0.0,0.07503147849446529
0.0,0.0,0.0,59.0,1683.0,0.0,0.027419429995282057
1.0,1.0,1.0,40.0,2184.0,0.0,0.7389370068180954
0.0,0.0,0.0,38.0,3506.0,0.0,0.8441420551086757
1.0,1.0,0.0,72.0,3456.0,0.0,-2.008924487283942
1.0,1.0,0.0,39.0,3307.0,0.0,-1.128254029517269
0.0,0.0,0.0,61.0,3248.0,0.0,0.932636313196955
0.0,0.0,0.0,29.0,3286.0,0.0,0.69383062254294
1.0,1.0,0.0,47.0,3112.0,0.0,-0.2461526268054861
1.0,1.0,0.0,63.0,2989.0,0.0,-1.7090849309346023
1.0,1.0,1.0,42.0,2372.0,0.0,-1.0910441223579073
0.0,0.0,1.0,43.0,2515.0,0.0,0.3490075197874996
1.0,1.0,0.0,51.0,2142.0,0.0,0.5980858784830922
0.0,0.0,0.0,36.0,1842.0,0.0,0.8531509522245275
1.0,1.0,1.0,75.0,1639.0,0.0,-0.5269628203320909
1.0,1.0,0.0,69.0,1234.0,0.0,-1.0682746114795338
1.0,1.0,0.0,46.0,622.0,0.0,-2.1354259468525845
1.0,1.0,0.0,77.0,2953.0,0.0,-0.7654742651457866
1.0,1.0,0.0,84.0,1882.0,0.0,0.7531562295463747
0.0,0.0,0.0,51.0,2513.0,0.0,0.18517788639699895
0.0,0.0,0.0,45.0,819.0,0.0,1.3673215474757177
1.0,0.0,1.0,48.0,3957.0,0.0,-0.209513897151672
1.0,1.0,1.0,70.0,172.0,1.0,-0.6690802195139443
1.0,1.0,0.0,49.0,989.0,0.0,0.3947465822048568
1.0,1.0,0.0,51.0,1001.0,0.0,-2.6680541971226748
1.0,1.0,0.0,55.0,584.0,1.0,-0.270124520964859
1.0,0.0,0.0,43.0,4275.0,0.0,0.17758625627915564
0.0,0.0,0.0,46.0,2558.0,0.0,1.4541567227357624
1.0,0.0,0.0,53.0,3316.0,0.0,0.5241485386110312
0.0,0.0,0.0,35.0,709.0,0.0,0.9764178721218867
1.0,1.0,1.0,64.0,1972.0,0.0,0.5724848522702225
1.0,0.0,0.0,54.0,1699.0,1.0,0.9010142438085242
0.0,0.0,0.0,36.0,4052.0,0.0,0.5073564312332336
1.0,1.0,0.0,47.0,2551.0,1.0,2.125922800690255
1.0,1.0,0.0,59.0,4080.0,0.0,1.1290125250113452
0.0,0.0,0.0,54.0,3261.0,0.0,1.3869402006986968
1.0,0.0,0.0,51.0,3807.0,0.0,0.5010034079054438
1.0,0.0,0.0,83.0,3072.0,0.0,1.6692275989188534
1.0,1.0,0.0,70.0,3159.0,0.0,0.05245843449909257
1.0,1.0,0.0,60.0,2971.0,0.0,-0.41437630823459976
1.0,1.0,0.0,46.0,2920.0,0.0,-0.38071301616626835
1.0,0.0,0.0,47.0,2618.0,0.0,0.47805270210698475
0.0,0.0,0.0,50.0,524.0,1.0,1.4949589192555488
1.0,1.0,0.0,54.0,1150.0,0.0,0.2458571604304212
1.0,1.0,1.0,62.0,1272.0,1.0,0.9539848241692991
1.0,1.0,0.0,68.0,1864.0,0.0,-0.5115663417263205
1.0,1.0,1.0,64.0,2629.0,0.0,0.9632814382398395
0.0,0.0,0.0,65.0,1026.0,0.0,1.2080404101768591
1.0,1.0,0.0,65.0,4894.0,0.0,1.138924649827753
1.0,1.0,0.0,38.0,3660.0,0.0,-0.2652257643566036
1.0,1.0,0.0,43.0,3607.0,0.0,0.4855949909599407
1.0,0.0,0.0,49.0,3172.0,0.0,1.0191371396860167
1.0,1.0,0.0,45.0,3430.0,0.0,0.43513307207065677
1.0,1.0,0.0,61.0,2976.0,0.0,0.8483884275552961
0.0,0.0,1.0,47.0,3128.0,0.0,0.74945656764442
1.0,1.0,0.0,52.0,3203.0,0.0,0.002230044308003043
1.0,1.0,0.0,55.0,991.0,0.0,-1.3288006939094583
1.0,1.0,0.0,57.0,3001.0,0.0,0.9746922293349201
1.0,1.0,0.0,50.0,2838.0,0.0,0.5025787495348888
1.0,1.0,1.0,50.0,2605.0,0.0,1.7403930295245562
1.0,1.0,1.0,62.0,2161.0,0.0,0.4951019621534394
0.0,0.0,0.0,45.0,2854.0,1.0,1.5729690688985865
1.0,1.0,1.0,40.0,2632.0,0.0,-0.8323552683955977
1.0,1.0,0.0,65.0,1161.0,0.0,-1.8381209011533366
1.0,1.0,0.0,59.0,1233.0,0.0,-0.7422632176578435
0.0,0.0,0.0,49.0,1742.0,0.0,0.9557038387043988
1.0,1.0,1.0,68.0,1013.0,0.0,-0.5539652379411651
0.0,0.0,0.0,68.0,322.0,1.0,1.7441470144336277
1.0,0.0,0.0,67.0,1326.0,0.0,-0.3442888298204796
0.0,0.0,0.0,50.0,1152.0,1.0,0.4215652751135418
0.0,0.0,0.0,43.0,215.0,0.0,0.945974959039485
1.0,1.0,0.0,47.0,2596.0,0.0,-0.486670105605703
0.0,0.0,0.0,47.0,2134.0,0.0,-0.20236178431639276
1.0,1.0,0.0,76.0,3152.0,0.0,-0.4417580991894026
1.0,1.0,0.0,51.0,2164.0,0.0,-0.10831533549020012
1.0,1.0,1.0,45.0,1914.0,0.0,0.5542521022864675
1.0,0.0,1.0,56.0,622.0,0.0,0.13146011543536082
1.0,1.0,0.0,62.0,777.0,0.0,-0.15991744097902777
1.0,1.0,0.0,47.0,1919.0,0.0,-0.6899342418585256
1.0,1.0,0.0,56.0,2477.0,0.0,-0.5944794268912772
1.0,1.0,0.0,66.0,1148.0,0.0,0.4143250640772609
0.0,0.0,0.0,53.0,1203.0,0.0,1.6606336788786702
1.0,1.0,0.0,40.0,2136.0,0.0,0.9837074451836291
1.0,1.0,1.0,47.0,2483.0,0.0,-1.0450179862179414
1.0,1.0,1.0,42.0,2559.0,0.0,0.6492344322886241
0.0,0.0,0.0,44.0,1572.0,0.0,1.056752438529493
1.0,1.0,0.0,51.0,1132.0,0.0,-0.24123540182461925
1.0,1.0,0.0,60.0,974.0,0.0,0.515583467100196
1.0,1.0,0.0,47.0,554.0,0.0,1.5309244311598096
1.0,1.0,0.0,56.0,1324.0,1.0,0.17073413645730023
0.0,0.0,0.0,73.0,1871.0,0.0,0.19753260633957948
1.0,1.0,0.0,41.0,660.0,0.0,-0.7653059135247974
0.0,0.0,0.0,35.0,2278.0,0.0,1.2734607574741597
1.0,0.0,0.0,54.0,1876.0,0.0,-2.7179958215843
1.0,1.0,0.0,54.0,2197.0,0.0,-1.6383594856728656
1.0,1.0,0.0,76.0,2296.0,1.0,-0.5446065642496241
1.0,1.0,1.0,39.0,2255.0,0.0,-0.5411976423965766
1.0,1.0,0.0,59.0,2330.0,0.0,0.5547624623168131
1.0,1.0,0.0,56.0,2365.0,0.0,-1.3238602588922501
1.0,1.0,0.0,78.0,1519.0,0.0,-0.26806468996409816
1.0,1.0,0.0,59.0,2255.0,0.0,0.687345697071611
1.0,1.0,0.0,61.0,1411.0,1.0,0.4308254330177705
1.0,0.0,0.0,47.0,2709.0,0.0,0.4358152929804503
1.0,1.0,1.0,58.0,2486.0,0.0,1.9413467597313485
1.0,1.0,0.0,62.0,2372.0,0.0,-0.8295910132440244
1.0,0.0,0.0,30.0,2041.0,0.0,0.023970974443864642
1.0,1.0,0.0,63.0,1156.0,0.0,-0.3764979857855799
1.0,1.0,0.0,63.0,912.0,0.0,-0.44476986659725104
1.0,1.0,0.0,49.0,423.0,0.0,0.8243437723077734
1.0,0.0,0.0,64.0,2381.0,0.0,1.4036910611295252
1.0,1.0,0.0,78.0,1644.0,0.0,-1.7079847446288283
1.0,1.0,0.0,60.0,476.0,0.0,-0.6016175474182093
1.0,1.0,0.0,42.0,98.0,0.0,0.3211419978724863
1.0,1.0,0.0,71.0,78.0,0.0,-1.5659182708595916
1.0,1.0,0.0,41.0,2403.0,0.0,-0.34353723526294405
1.0,1.0,0.0,54.0,2064.0,0.0,-1.480985865133082
1.0,1.0,0.0,62.0,2156.0,0.0,0.2476418960910472
1.0,1.0,1.0,43.0,495.0,0.0,0.871101926002691
0.0,0.0,0.0,38.0,134.0,0.0,0.16669413074889314
1.0,1.0,0.0,49.0,435.0,0.0,1.0497057785893242
1.0,1.0,0.0,79.0,1363.0,0.0,-1.0192092978563532
1.0,1.0,0.0,53.0,2489.0,0.0,-0.24921363956380715
1.0,1.0,0.0,72.0,991.0,1.0,-2.5197004780472967
0.0,0.0,1.0,68.0,943.0,0.0,0.5306388268933568
1.0,1.0,0.0,51.0,1926.0,0.0,-0.36130798500021627
1.0,1.0,0.0,67.0,923.0,0.0,0.5033159742053792
1.0,1.0,0.0,69.0,461.0,0.0,-0.22007051536090716
1.0,1.0,0.0,82.0,747.0,0.0,-0.7895264363265897
1.0,1.0,0.0,65.0,702.0,0.0,0.5151334732244658
1.0,1.0,0.0,77.0,727.0,0.0,0.031686688158641806
1.0,1.0,0.0,78.0,620.0,0.0,-1.1187385957265465
1.0,0.0,0.0,81.0,178.0,0.0,-0.7814104365375606
1.0,1.0,0.0,48.0,76.0,0.0,-0.9819114656204048
1.0,0.0,0.0,65.0,414.0,0.0,-0.10720600676744327
1.0,1.0,0.0,56.0,1121.0,0.0,-0.8699287079841567
1.0,1.0,0.0,52.0,392.0,0.0,0.7707585080505
1.0,1.0,0.0,54.0,829.0,0.0,0.09264412864963134
1.0,0.0,1.0,60.0,1545.0,0.0,0.4684669328048009
0.0,0.0,0.0,59.0,170.0,0.0,0.9471536577399409
1.0,1.0,0.0,46.0,759.0,0.0,0.2440613633853396
1.0,1.0,0.0,49.0,1363.0,0.0,0.5315694862491973
0.0,0.0,0.0,82.0,701.0,0.0,1.0174290967927375
1.0,1.0,0.0,50.0,1001.0,0.0,0.9204817338485085
0.0,0.0,0.0,81.0,149.0,0.0,-0.6941126094581923
1.0,1.0,1.0,63.0,652.0,0.0,-0.15268087551198056
1.0,1.0,1.0,53.0,1093.0,0.0,0.29959444350761955
1.0,1.0,0.0,56.0,612.0,1.0,-0.10995100674653181
1.0,1.0,0.0,46.0,2763.0,1.0,0.01983494232090944
1.0,1.0,0.0,50.0,811.0,1.0,0.7608850126551681
1.0,1.0,1.0,39.0,2207.0,1.0,0.10973456469729734
1.0,1.0,0.0,88.0,1148.0,1.0,-1.0276365931574256
1.0,0.0,1.0,60.0,921.0,1.0,0.5025947740804174
0.0,0.0,1.0,56.0,1692.0,1.0,1.0488395100409655
1.0,1.0,0.0,79.0,2009.0,1.0,-2.2818190848429447
0.0,0.0,1.0,70.0,224.0,1.0,1.3022192344473509
1.0,1.0,1.0,72.0,1563.0,1.0,1.5755283993089029
0.0,0.0,0.0,48.0,1556.0,1.0,1.6750487769896403
0.0,0.0,1.0,78.0,2127.0,1.0,-0.9771884069662437
1.0,1.0,0.0,68.0,2798.0,1.0,-0.3412804867844549
1.0,1.0,0.0,35.0,3462.0,1.0,0.5427010208694292
1.0,1.0,0.0,55.0,2520.0,1.0,-1.4801555449840456
1.0,1.0,0.0,83.0,1286.0,1.0,-0.6436684748010417
1.0,1.0,1.0,45.0,365.0,1.0,0.4012836460608589
0.0,0.0,0.0,38.0,1694.0,1.0,0.5469093101425556
1.0,1.0,1.0,67.0,1508.0,1.0,-0.35854802359618265
1.0,1.0,0.0,79.0,538.0,1.0,-0.5832960857792959
1.0,1.0,1.0,53.0,959.0,1.0,0.43147000950959985
1.0,1.0,0.0,62.0,2712.0,1.0,-1.5956949186214984
0.0,0.0,0.0,51.0,2965.0,1.0,0.7148922877019285
1.0,1.0,1.0,90.0,763.0,1.0,-0.08968083374543903
1.0,1.0,0.0,60.0,3669.0,1.0,-0.40158746726503564
0.0,0.0,0.0,78.0,3472.0,1.0,1.306485133365003
1.0,1.0,0.0,68.0,1009.0,1.0,0.4717041691542847
1.0,1.0,0.0,88.0,3736.0,1.0,-1.345224779789858
1.0,1.0,0.0,64.0,856.0,0.0,0.5902849494428856
1.0,1.0,1.0,60.0,795.0,0.0,1.341757092572546
1.0,1.0,0.0,50.0,1120.0,0.0,-1.8135229112398181
1.0,1.0,0.0,46.0,1119.0,0.0,-1.0281319114509184
1.0,1.0,0.0,45.0,612.0,0.0,-0.2292348416543635
1.0,1.0,1.0,75.0,320.0,1.0,0.6261713531059181
0.0,0.0,0.0,80.0,3364.0,0.0,-1.7489692368903635
1.0,1.0,0.0,41.0,635.0,0.0,-1.3471264443053077
1.0,0.0,0.0,51.0,567.0,0.0,0.7783831386499785
1.0,1.0,0.0,63.0,715.0,0.0,-0.9568916072320526
0.0,1.0,0.0,61.0,160.0,0.0,-0.6840899417526358
1.0,1.0,0.0,87.0,295.0,1.0,-1.3794015027071997
1.0,1.0,0.0,54.0,662.0,0.0,-1.7170380965618748
1.0,1.0,0.0,53.0,287.0,0.0,-0.1859899371080019
1.0,0.0,0.0,70.0,358.0,0.0,-0.5796003605025727
1.0,1.0,0.0,58.0,358.0,0.0,-1.0992519885313812
1.0,1.0,0.0,50.0,385.0,0.0,1.0133210942487056
0.0,0.0,1.0,55.0,358.0,0.0,0.7461438280369658
0.0,0.0,1.0,78.0,385.0,1.0,0.1838523560625486
1.0,1.0,0.0,46.0,385.0,0.0,0.6661443813314079
0.0,0.0,0.0,55.0,385.0,0.0,0.6673953274943828
1.0,1.0,0.0,49.0,385.0,0.0,1.3999504152286122
1.0,1.0,0.0,62.0,385.0,0.0,-0.5604448380165972
0.0,0.0,1.0,45.0,382.0,0.0,0.8042343243717358
0.0,0.0,0.0,82.0,411.0,0.0,0.4652407733776113
0.0,0.0,1.0,64.0,393.0,0.0,0.6707594498485713
0.0,0.0,1.0,34.0,379.0,0.0,0.7349176410904258
0.0,1.0,1.0,48.0,332.0,0.0,1.3937647189283915
1.0,1.0,0.0,50.0,345.0,0.0,0.9117840207024565
1.0,1.0,0.0,40.0,343.0,0.0,-0.7401147588993561
0.0,0.0,0.0,53.0,5.0,0.0,1.5758762532230377
0.0,0.0,1.0,53.0,366.0,0.0,0.23575519255865962
1.0,1.0,0.0,74.0,375.0,0.0,1.3102207588832322
1.0,1.0,0.0,34.0,375.0,0.0,-0.029375974255059965
1.0,1.0,0.0,47.0,616.0,0.0,0.3377677076263144
0.0,0.0,0.0,58.0,376.0,0.0,0.5452970309927493
0.0,0.0,0.0,90.0,394.0,0.0,0.8390325568321487
1.0,1.0,0.0,59.0,470.0,0.0,0.10549779771921915
1.0,1.0,0.0,29.0,513.0,0.0,0.3076081047888862
1.0,1.0,0.0,63.0,508.0,0.0,-0.02796412675235694
0.0,0.0,1.0,61.0,297.0,0.0,0.7636096266412207
1.0,1.0,0.0,48.0,747.0,0.0,1.205332340089006
0.0,0.0,0.0,48.0,439.0,0.0,1.7308204070712812
0.0,0.0,0.0,60.0,1034.0,1.0,-0.7175123377671123
1.0,1.0,1.0,68.0,394.0,0.0,0.15196538770967313
0.0,0.0,1.0,59.0,396.0,0.0,0.2979634410578843
1.0,1.0,0.0,53.0,380.0,0.0,1.3593496117834916
1.0,1.0,0.0,52.0,1728.0,0.0,0.9295875949391119
0.0,0.0,0.0,51.0,635.0,0.0,1.2212731303634445
1.0,1.0,1.0,62.0,403.0,0.0,-0.2567866152545589
1.0,1.0,0.0,40.0,626.0,0.0,-0.1107383592276619
0.0,0.0,0.0,51.0,431.0,0.0,1.7155781092473275
1.0,1.0,0.0,57.0,643.0,0.0,-0.8376324729963337
0.0,0.0,0.0,45.0,584.0,0.0,1.0914927653833937
1.0,1.0,0.0,77.0,431.0,0.0,0.7290925710749726
1.0,0.0,1.0,48.0,532.0,0.0,0.22576559306285085
0.0,0.0,1.0,60.0,502.0,0.0,-0.011653286581181256
1.0,1.0,0.0,59.0,480.0,0.0,0.8176936019492115
1.0,1.0,0.0,41.0,552.0,0.0,1.0127821468034002
1.0,1.0,0.0,62.0,575.0,0.0,0.08875749472268046
0.0,0.0,0.0,79.0,366.0,0.0,-0.5713052724596029
1.0,1.0,0.0,56.0,426.0,0.0,-0.37808740645851996
1.0,1.0,0.0,54.0,577.0,0.0,-1.992331879321739
1.0,1.0,0.0,54.0,611.0,0.0,0.856641097864518
0.0,1.0,0.0,90.0,612.0,0.0,0.9545564613268542
0.0,0.0,0.0,72.0,611.0,0.0,0.9199673961232129
1.0,0.0,0.0,59.0,590.0,0.0,1.8313675756506884
1.0,1.0,0.0,73.0,639.0,0.0,0.7508991041566038
1.0,1.0,0.0,77.0,371.0,0.0,-3.3945368174356974
1.0,1.0,0.0,51.0,447.0,0.0,-2.3897409330058097
1.0,1.0,1.0,81.0,565.0,0.0,-0.45035719189396295
1.0,1.0,0.0,80.0,541.0,0.0,-0.23813436032312466
1.0,1.0,0.0,40.0,509.0,0.0,-0.5221019485414685
1.0,1.0,0.0,62.0,552.0,0.0,-0.09835107711723799
1.0,1.0,0.0,85.0,377.0,1.0,-1.550121476580355
1.0,1.0,0.0,36.0,522.0,0.0,0.3922626343756639
1.0,1.0,0.0,45.0,463.0,0.0,0.818164153306118
1.0,0.0,0.0,86.0,448.0,0.0,-0.7238530975343233
1.0,1.0,1.0,76.0,663.0,0.0,1.953917463386309
0.0,0.0,0.0,55.0,441.0,0.0,1.8321703651516568
1.0,1.0,0.0,57.0,538.0,0.0,0.5978421690226455
1.0,1.0,0.0,56.0,1682.0,0.0,-0.727123180972279
0.0,0.0,0.0,69.0,499.0,0.0,0.006991973309778317
1.0,1.0,0.0,56.0,482.0,0.0,-0.4595782517102423
1.0,1.0,1.0,48.0,496.0,0.0,0.555431308673845
0.0,0.0,1.0,61.0,506.0,0.0,0.2765539225667782
1.0,1.0,0.0,56.0,395.0,0.0,-0.9769913486280897
0.0,1.0,0.0,53.0,1309.0,0.0,-1.0031745870400277
1.0,1.0,1.0,74.0,503.0,0.0,-1.8482802701865237
1.0,0.0,0.0,81.0,466.0,0.0,0.14158317578002028
1.0,1.0,0.0,65.0,472.0,0.0,1.216733258972812
1.0,1.0,0.0,80.0,302.0,1.0,0.5333661218590777
1.0,1.0,0.0,66.0,530.0,0.0,-2.3125584305903186
0.0,0.0,0.0,40.0,488.0,0.0,1.785586742765654
0.0,0.0,0.0,72.0,397.0,0.0,0.2706102505789586
1.0,1.0,0.0,58.0,439.0,0.0,-0.42731534020270834
1.0,1.0,0.0,47.0,1461.0,0.0,-0.38957263722444085
1.0,1.0,0.0,49.0,499.0,0.0,-0.15898831163892144
0.0,0.0,0.0,59.0,410.0,0.0,0.4925998692704016
1.0,1.0,1.0,36.0,519.0,0.0,0.30821448781195776
1.0,1.0,0.0,64.0,49.0,0.0,-1.1567047965764166
1.0,1.0,0.0,53.0,398.0,0.0,0.1496553707918031
1.0,1.0,0.0,62.0,381.0,0.0,-0.9150810899779809
1.0,1.0,0.0,54.0,1015.0,0.0,-2.075477555080544
1.0,1.0,0.0,56.0,563.0,0.0,-1.7327406338406022
1.0,1.0,0.0,68.0,659.0,0.0,-1.4729028464371783
1.0,1.0,0.0,88.0,492.0,0.0,-1.3945932969456214
1.0,0.0,0.0,79.0,385.0,1.0,-1.0921495838851722
1.0,1.0,0.0,53.0,767.0,0.0,-1.1641493908921507
1.0,1.0,0.0,64.0,837.0,0.0,0.3689896674933517
1.0,1.0,1.0,41.0,1229.0,0.0,0.6345746643902805
1.0,1.0,0.0,54.0,1220.0,0.0,-0.3220326434412979
0.0,0.0,0.0,37.0,1434.0,0.0,0.9951025219401943
0.0,0.0,1.0,79.0,1246.0,0.0,1.4629328751665318
1.0,1.0,0.0,50.0,1163.0,0.0,-0.47407015460664426
0.0,0.0,0.0,62.0,1174.0,0.0,0.4670688781289056
1.0,1.0,0.0,52.0,2311.0,0.0,0.30381690040157994
1.0,1.0,1.0,53.0,1042.0,0.0,1.6752908293754605
0.0,0.0,0.0,55.0,972.0,0.0,0.8154029613001571
1.0,1.0,0.0,64.0,563.0,1.0,0.6002955175793167
0.0,0.0,0.0,48.0,1935.0,0.0,0.6459096976534273
1.0,0.0,1.0,56.0,2128.0,0.0,0.503840315973795
1.0,1.0,0.0,51.0,707.0,0.0,-1.0694066509187592
1.0,1.0,0.0,68.0,591.0,0.0,0.09139297179380775
1.0,0.0,0.0,58.0,640.0,0.0,0.6060308411122358
1.0,1.0,0.0,61.0,726.0,0.0,-1.2843441790013579
0.0,0.0,0.0,43.0,450.0,0.0,-0.41199098274462603
1.0,1.0,0.0,45.0,710.0,0.0,1.0528481197180903
1.0,1.0,0.0,64.0,658.0,0.0,0.5246165761082593
1.0,1.0,0.0,76.0,554.0,0.0,-1.6854567567171337
1.0,1.0,0.0,66.0,336.0,1.0,0.8294827406999193
1.0,1.0,0.0,61.0,595.0,0.0,-1.1874720493589082
0.0,0.0,1.0,50.0,1631.0,0.0,1.108728679241277
1.0,1.0,0.0,74.0,1004.0,1.0,-2.8470010125505842
1.0,1.0,0.0,46.0,984.0,0.0,-0.9168490592898263
1.0,1.0,0.0,63.0,501.0,0.0,-2.428423008919549
1.0,1.0,0.0,74.0,1138.0,0.0,-0.7322727005431258
1.0,1.0,0.0,45.0,2140.0,0.0,-0.022651041259330196
0.0,1.0,0.0,51.0,1025.0,0.0,0.9760299920964804
1.0,1.0,0.0,71.0,1800.0,0.0,-1.1189585140493599
1.0,1.0,0.0,78.0,118.0,0.0,-1.427042124189336
1.0,1.0,0.0,60.0,675.0,0.0,-0.5149204805374127
1.0,1.0,0.0,60.0,337.0,0.0,-0.7297207132453843
1.0,1.0,0.0,44.0,1648.0,0.0,-0.336394979896952
0.0,0.0,0.0,40.0,1836.0,0.0,1.7675028297956217
1.0,1.0,0.0,40.0,598.0,0.0,-0.19330094995342834
0.0,0.0,1.0,41.0,2306.0,0.0,-0.9322146869224899
0.0,0.0,1.0,71.0,879.0,1.0,0.4631646896094889
0.0,0.0,0.0,59.0,3247.0,0.0,-0.14176103337236667
0.0,0.0,0.0,73.0,1309.0,0.0,2.2045540858353174
0.0,0.0,0.0,46.0,1604.0,0.0,-1.5900071188817397
1.0,1.0,1.0,41.0,1000.0,0.0,-0.056095589269008046
1.0,1.0,1.0,45.0,1120.0,0.0,0.4901434781247205
1.0,1.0,1.0,52.0,678.0,1.0,1.2603962390172803
0.0,1.0,1.0,58.0,1101.0,0.0,1.4183477607068278
1.0,1.0,1.0,58.0,1112.0,0.0,0.6127859714276189
0.0,1.0,1.0,61.0,1203.0,0.0,-0.3628477308699739
0.0,0.0,1.0,75.0,1266.0,0.0,0.9182116524696171
1.0,1.0,0.0,28.0,1088.0,0.0,0.687266880959314
1.0,1.0,0.0,60.0,1072.0,1.0,-0.08625349474318426
1.0,1.0,0.0,62.0,786.0,1.0,-0.47578777938771993
1.0,1.0,0.0,71.0,576.0,0.0,-1.1501107644191386
1.0,1.0,0.0,51.0,300.0,0.0,0.04222013582290741
1.0,1.0,0.0,42.0,975.0,0.0,-0.47420662103421535
1.0,0.0,0.0,74.0,1189.0,0.0,0.5148046853113473
1.0,0.0,0.0,71.0,1167.0,0.0,-0.23284397118529485
1.0,1.0,1.0,38.0,1248.0,0.0,1.253312945303152
1.0,1.0,1.0,56.0,1269.0,0.0,-0.6492797067183359
0.0,0.0,1.0,47.0,1239.0,0.0,0.9610221777200195
1.0,1.0,1.0,42.0,1232.0,0.0,0.972329452261457
1.0,1.0,1.0,71.0,375.0,0.0,-0.47067082784668335
1.0,1.0,1.0,48.0,926.0,0.0,-1.9731475931041125
1.0,1.0,0.0,85.0,727.0,0.0,-0.9766595699939675
1.0,1.0,0.0,63.0,725.0,0.0,-1.6082655834697115
1.0,1.0,0.0,60.0,812.0,0.0,-1.7632657339379358
0.0,0.0,0.0,65.0,24.0,0.0,-0.3406687282282531
1.0,1.0,0.0,45.0,847.0,0.0,-0.3036129206092747
1.0,1.0,1.0,80.0,371.0,0.0,1.38877662416915
1.0,1.0,0.0,48.0,1208.0,0.0,-1.2963183603644484
1.0,1.0,0.0,38.0,258.0,0.0,0.30566060449193616
1.0,1.0,0.0,53.0,554.0,0.0,0.008216909791059854
1.0,1.0,0.0,38.0,575.0,0.0,-0.717942103335727
1.0,1.0,0.0,50.0,403.0,0.0,-1.3422727662217642
1.0,1.0,1.0,61.0,504.0,0.0,1.003656087627989
1.0,1.0,0.0,59.0,477.0,0.0,0.6975415220900278
1.0,1.0,0.0,70.0,875.0,0.0,-0.8466702432795674
0.0,0.0,0.0,56.0,789.0,0.0,0.5630257454488993
0.0,0.0,0.0,58.0,694.0,0.0,1.2415449008442003
1.0,1.0,0.0,43.0,911.0,0.0,-1.099508889801463
1.0,1.0,0.0,63.0,908.0,0.0,0.8434586767296132
1.0,0.0,0.0,55.0,1251.0,0.0,-0.8459779070948109
1.0,1.0,0.0,48.0,1611.0,0.0,0.04348386441631291
0.0,0.0,0.0,43.0,907.0,0.0,1.9028667629506963
1.0,1.0,0.0,77.0,703.0,0.0,-0.06520543363081831
1.0,1.0,0.0,64.0,562.0,0.0,-0.23126734543520036
0.0,0.0,0.0,58.0,239.0,1.0,1.0986275352689057
1.0,1.0,0.0,59.0,575.0,0.0,0.8309369537993314
0.0,0.0,0.0,70.0,608.0,0.0,0.5215532360250382
1.0,1.0,0.0,66.0,187.0,0.0,1.3961670942124187
1.0,1.0,0.0,56.0,320.0,0.0,-0.35129453989223997
1.0,1.0,0.0,50.0,439.0,0.0,-0.04422704776007554
0.0,0.0,0.0,52.0,607.0,0.0,0.21997173404316334
1.0,0.0,0.0,41.0,1604.0,0.0,-0.3275922875576262
1.0,1.0,0.0,39.0,788.0,0.0,1.1365089220532498
1.0,1.0,0.0,52.0,672.0,0.0,1.317413143192216
1.0,0.0,0.0,60.0,1035.0,0.0,-0.7978617971684646
0.0,0.0,0.0,61.0,532.0,0.0,1.1743095304507762
1.0,1.0,0.0,75.0,533.0,0.0,-1.564332914504191
1.0,1.0,1.0,51.0,715.0,0.0,-0.9833263487878748
1.0,1.0,1.0,34.0,463.0,0.0,0.37159268386835265
1.0,0.0,0.0,59.0,510.0,0.0,0.3475828797849762
0.0,0.0,0.0,62.0,760.0,0.0,-0.05027087065145673
1.0,1.0,0.0,60.0,952.0,0.0,0.6165796162445598
1.0,1.0,0.0,63.0,225.0,0.0,-2.63119390296664
0.0,0.0,0.0,58.0,3342.0,0.0,0.036833775837641074
0.0,0.0,0.0,62.0,2406.0,0.0,0.10876769200408187
0.0,0.0,0.0,53.0,2155.0,0.0,0.44562357313940143
0.0,0.0,0.0,58.0,2193.0,0.0,1.6489343175376487
1.0,0.0,0.0,58.0,2645.0,0.0,-0.5641581227270005
1.0,1.0,0.0,50.0,3519.0,0.0,0.8009044378358636
1.0,1.0,0.0,57.0,3226.0,0.0,-1.8277258188364607
1.0,1.0,0.0,58.0,3091.0,0.0,0.4443592698582211
1.0,1.0,0.0,54.0,2596.0,0.0,0.5463470782230443
1.0,1.0,0.0,72.0,1162.0,0.0,-1.442912929271735
1.0,1.0,0.0,46.0,1330.0,0.0,-2.427454347861057
1.0,1.0,0.0,44.0,2019.0,0.0,-0.8140229362721784
1.0,1.0,0.0,65.0,551.0,0.0,-3.312913091266649
0.0,0.0,0.0,56.0,79.0,0.0,0.6302064525526229
1.0,1.0,0.0,45.0,1900.0,1.0,-1.8043736418480547
1.0,1.0,1.0,49.0,360.0,0.0,0.3387220779617415
1.0,1.0,1.0,46.0,352.0,0.0,0.01946279533338463
1.0,1.0,0.0,44.0,646.0,0.0,-1.4924216612453858
1.0,0.0,0.0,79.0,402.0,0.0,-0.18733080387942982
1.0,1.0,0.0,52.0,216.0,0.0,-0.2594574316347327
1.0,1.0,0.0,54.0,404.0,0.0,-0.17216790675026078
0.0,0.0,1.0,73.0,323.0,0.0,0.095142297754165
0.0,0.0,0.0,62.0,996.0,0.0,0.3475471376713519
1.0,0.0,1.0,64.0,519.0,0.0,-0.92937321219363
0.0,0.0,0.0,50.0,440.0,0.0,0.622396915529792
1.0,0.0,0.0,49.0,450.0,0.0,0.3879207334688704
1.0,1.0,0.0,77.0,80.0,0.0,-1.6748424079075381
0.0,0.0,0.0,67.0,477.0,0.0,-0.18824328837320015
1.0,1.0,0.0,49.0,594.0,0.0,-0.3083847784499962
1.0,1.0,1.0,70.0,376.0,0.0,0.6530446512236409
1.0,0.0,0.0,61.0,596.0,0.0,1.0186379246040764
1.0,1.0,1.0,69.0,532.0,0.0,-1.9716322535826474
1.0,1.0,0.0,44.0,681.0,0.0,-1.1896388528763169
1.0,1.0,0.0,59.0,64.0,0.0,0.443142899008883
0.0,0.0,0.0,43.0,858.0,0.0,0.663491616527517
1.0,1.0,0.0,48.0,1220.0,0.0,-1.4242808929616242
1.0,1.0,1.0,72.0,1430.0,1.0,0.5432004350274452
1.0,0.0,1.0,64.0,1953.0,0.0,-0.646641538568577
1.0,1.0,0.0,41.0,2645.0,0.0,-0.10478020422183831
1.0,1.0,0.0,71.0,562.0,0.0,0.5017116560040078
0.0,0.0,0.0,65.0,586.0,0.0,1.6082879333487605
1.0,0.0,0.0,82.0,574.0,0.0,-0.74248075326804
1.0,1.0,1.0,47.0,529.0,0.0,0.06734488072710326
0.0,0.0,0.0,51.0,525.0,0.0,1.0094280904767623
1.0,1.0,1.0,73.0,518.0,0.0,-0.3115797398850742
0.0,0.0,1.0,63.0,116.0,1.0,0.0348248848149186
1.0,1.0,0.0,66.0,347.0,0.0,-1.9805024647329292
1.0,1.0,0.0,77.0,883.0,0.0,-3.838196405561997
1.0,1.0,0.0,46.0,467.0,0.0,-0.04262827546546849
1.0,1.0,0.0,68.0,488.0,0.0,-0.12088101754627376
1.0,1.0,0.0,61.0,3287.0,0.0,-2.1525644417283583
1.0,1.0,0.0,46.0,3256.0,0.0,1.0553957041225497
